,Date,Difference
1,2018-02-22,-0.3000796513649959
2,2018-02-23,1.5227927928300176
3,2018-02-26,2.033874159315019
4,2018-02-27,-0.6273508673100139
5,2018-02-28,-1.273885013530986
6,2018-03-01,-1.3472582695020208
7,2018-03-05,-1.390470955082975
8,2018-03-06,-1.2406498516690192
9,2018-03-07,-1.1880827948550348
10,2018-03-08,1.352863320165028
11,2018-03-09,-0.7241519822430007
12,2018-03-12,3.3015256755959967
13,2018-03-13,0.13601406071902034
14,2018-03-14,0.0355082517929759
15,2018-03-15,-0.8035390507820068
16,2018-03-16,-2.9729913164219965
17,2018-03-19,-1.6730799139709802
18,2018-03-20,0.11837300401501238
19,2018-03-21,0.42308124598497443
20,2018-03-22,-0.2263897499999814
21,2018-03-23,-2.01352239266501
22,2018-03-26,2.3794633066359836
23,2018-03-27,1.5968789297160129
24,2018-03-28,-1.5744062889320105
25,2018-04-02,1.011238700045027
26,2018-04-03,0.4279949951999811
27,2018-04-04,-1.2329751758630039
28,2018-04-05,2.8144990917890027
29,2018-04-06,0.41950725602703187
30,2018-04-09,0.6323682539099877
31,2018-04-10,0.43604432413698646
32,2018-04-11,0.09426657218199352
33,2018-04-12,-0.009253324242024519
34,2018-04-13,0.12708901194005762
35,2018-04-16,0.9210402929619761
36,2018-04-17,-0.2574925224620017
37,2018-04-18,-0.9544096113100125
38,2018-04-19,-0.21819742312499102
39,2018-04-20,-0.27247344532000284
40,2018-04-23,0.1112278450449935
41,2018-04-24,-0.3906495712269873
42,2018-04-25,-0.3410631605580079
43,2018-04-26,-0.46713252835499475
44,2018-04-27,1.134861599609991
45,2018-04-30,1.401358194777032
46,2018-05-02,-0.7484959496520105
47,2018-05-03,-1.2691317012370291
48,2018-05-04,0.07214022097201678
49,2018-05-07,1.1052357499999914
50,2018-05-08,-0.7051047053049615
51,2018-05-09,0.24867490865995023
52,2018-05-10,-1.446119137209962
53,2018-05-11,1.8705984338549797
54,2018-05-14,0.023091297169003155
55,2018-05-15,-0.7726149745849966
56,2018-05-16,-2.712887833921002
57,2018-05-17,0.06567197647197531
58,2018-05-18,-1.4481418268189827
59,2018-05-21,-0.801595569671008
60,2018-05-22,-0.6646197177450119
61,2018-05-23,-1.6278580145829835
62,2018-05-24,0.7365484179860289
63,2018-05-25,2.2102059738469677
64,2018-05-28,2.4631584453559867
65,2018-05-29,-0.07297576652595694
66,2018-05-30,-1.9582123460779997
67,2018-05-31,3.4196867376279556
68,2018-06-01,-0.6031576068749871
69,2018-06-04,0.19709430834501518
70,2018-06-05,-0.845988369408019
71,2018-06-06,1.2896554472630157
72,2018-06-07,1.872101121612019
73,2018-06-08,-1.3887216489820275
74,2018-06-11,0.04899968805000299
75,2018-06-12,0.8714094180180325
76,2018-06-13,-0.7935922851780219
77,2018-06-14,-0.40294354840500546
78,2018-06-15,-0.6797633607600062
79,2018-06-18,-0.07841345795498
80,2018-06-19,-1.2173303369750101
81,2018-06-20,0.8088122171949976
82,2018-06-21,-1.142243505195978
83,2018-06-22,2.393500406207977
84,2018-06-25,-0.9403002617719949
85,2018-06-26,-1.021250852212006
86,2018-06-27,-1.4944041523460214
87,2018-06-28,-3.152207866369963
88,2018-06-29,2.804696312693011
89,2018-07-02,-0.018597214820005092
90,2018-07-03,0.03398524112697032
91,2018-07-04,0.7174327890519976
92,2018-07-05,-0.6367570308389929
93,2018-07-06,0.127306610897989
94,2018-07-09,1.8781509258060112
95,2018-07-10,1.6021129632960083
96,2018-07-11,-0.5430728802299711
97,2018-07-12,1.5059858678699811
98,2018-07-13,0.35614746704999334
99,2018-07-16,-1.0768155636810093
100,2018-07-17,0.5001996213510154
101,2018-07-18,0.4438651402949745
102,2018-07-19,-0.9442362010889838
103,2018-07-20,0.025194327103974956
104,2018-07-23,1.5580637213300292
105,2018-07-24,-0.3702612679449828
106,2018-07-25,0.8795895179449928
107,2018-07-26,0.4348409674300058
108,2018-07-27,1.8612331443019912
109,2018-07-30,0.8936887463380003
110,2018-07-31,0.368164641930008
111,2018-08-01,0.3038931468049668
112,2018-08-02,-1.020765792004994
113,2018-08-03,0.9498855032700249
114,2018-08-06,0.6451966345030087
115,2018-08-07,-0.6946133086380257
116,2018-08-08,1.3952203160650072
117,2018-08-09,0.6458884485599867
118,2018-08-10,-2.1562644485599947
119,2018-08-13,-1.0332427499999994
120,2018-08-14,-0.8982972397359958
121,2018-08-16,-2.3549591699039922
122,2018-08-17,2.7384389096399957
123,2018-08-20,1.6769137500000113
124,2018-08-21,0.3785632065489608
125,2018-08-23,0.05408404345101303
126,2018-08-24,-1.51169731393
127,2018-08-27,3.134886659059987
128,2018-08-28,0.23292040487001486
129,2018-08-29,-2.0809545571840147
130,2018-08-30,-1.078149092705985
131,2018-08-31,-1.0808283501099822
132,2018-09-03,-0.4480082572349886
133,2018-09-04,-1.0352556866100144
134,2018-09-05,-2.1478836884400323
135,2018-09-06,0.5240295710950136
136,2018-09-07,0.6217892258990219
137,2018-09-10,-2.44219398827002
138,2018-09-11,-2.845229676439004
139,2018-09-12,-0.03364474290901853
140,2018-09-14,4.098034250289032
141,2018-09-17,-2.056269257379995
142,2018-09-18,-2.3298494596740227
143,2018-09-19,-1.8499555376419607
144,2018-09-21,1.727272595602983
145,2018-09-24,-3.5245794348920185
146,2018-09-25,-0.8504354030099819
147,2018-09-26,0.24486592162500642
148,2018-09-27,-0.38459951170000295
149,2018-09-28,-1.0188781472500352
150,2018-10-01,1.9918596375000277
151,2018-10-03,-3.6547914105599943
152,2018-10-04,-4.647235250000023
153,2018-10-05,-4.530910772764997
154,2018-10-08,1.2949777291500197
155,2018-10-09,-0.8741031455150221
156,2018-10-10,0.8973680942560236
157,2018-10-11,-3.1162876637710326
158,2018-10-12,4.015701508645009
159,2018-10-15,1.474972500000007
160,2018-10-16,0.19737775000001534
161,2018-10-17,-0.5757202047300041
162,2018-10-19,-3.37475447464999
163,2018-10-22,0.5252774293799973
164,2018-10-23,-2.0808204401049863
165,2018-10-24,2.261888190104969
166,2018-10-25,-1.3636461101129953
167,2018-10-26,-1.2960546398869894
168,2018-10-29,3.200658403074982
169,2018-10-30,-1.5943054897759907
170,2018-10-31,2.443186577703017
171,2018-11-01,-0.8827914083070141
172,2018-11-02,3.807014917304997
173,2018-11-05,0.39371099999999615
174,2018-11-06,0.1770659999999964
175,2018-11-07,0.2075057394959856
176,2018-11-09,0.4654353353190004
177,2018-11-12,-0.5533105840099779
178,2018-11-13,-0.03401799080501178
179,2018-11-14,1.1738540121200174
180,2018-11-15,0.8541465812199931
181,2018-11-16,1.951541619110003
182,2018-11-19,1.366289534961993
183,2018-11-20,-1.3123577273570106
184,2018-11-21,-0.210839100639987
185,2018-11-22,-0.7843019194149861
186,2018-11-26,2.7464889673499897
187,2018-11-27,0.507353210947997
188,2018-11-28,0.46057260547402734
189,2018-11-29,2.4400192782079557
190,2018-11-30,1.756648938020021
191,2018-12-03,0.4592777500000125
192,2018-12-04,-1.8129597500000045
193,2018-12-05,-1.541292764222021
194,2018-12-06,-3.08207171876802
195,2018-12-07,1.5625265391200287
196,2018-12-10,-4.180594423790012
197,2018-12-11,-1.9238954064809946
198,2018-12-12,2.8164778900710132
199,2018-12-13,1.714133681370015
200,2018-12-14,1.456897078214979
201,2018-12-17,0.3856122872390131
202,2018-12-18,0.9593346610059825
203,2018-12-19,3.0339139130900037
204,2018-12-20,-0.47293557818500176
205,2018-12-21,-1.9580526586649967
206,2018-12-24,-0.9461305000000095
207,2018-12-26,0.7313493833330256
208,2018-12-27,0.9051773369419891
209,2018-12-28,1.5002105663329814
210,2018-12-31,0.1899305245020173
213,2019-01-03,-2.2692710000000034
214,2019-01-04,0.04740668802500636
215,2019-01-07,2.334248407290005
216,2019-01-08,-0.18999224424001682
217,2019-01-09,-0.39142094144600037
218,2019-01-10,-0.9640305516629724
219,2019-01-11,-0.7447571006660212
220,2019-01-14,-0.048567713800991896
221,2019-01-15,0.5634716132410063
222,2019-01-16,0.02745740039000566
223,2019-01-17,-0.37929192479001017
224,2019-01-18,0.755286663064993
225,2019-01-21,0.33445486534600377
226,2019-01-22,-1.1278251607510015
227,2019-01-23,-0.7021530000000098
228,2019-01-24,0.40880815966502837
229,2019-01-25,-0.6174121064350118
230,2019-01-28,-1.6442493505849995
231,2019-01-29,-0.3660750595800266
232,2019-01-30,-1.1134194658499723
233,2019-01-31,3.56291001468
234,2019-02-01,0.7073290496999789
235,2019-02-04,-0.2843809915949862
236,2019-02-05,-0.1827617044499732
237,2019-02-06,1.5989415213849725
238,2019-02-07,0.594960098462991
239,2019-02-08,-1.8459921276679836
240,2019-02-11,0.15999472154499017
241,2019-02-12,-0.9800511700260017
242,2019-02-14,-0.4245212908939777
243,2019-02-15,-0.6057780919020388
244,2019-02-18,-1.8349680223579696
245,2019-02-19,-1.2978986873719975
246,2019-02-20,2.032433426646975
247,2019-02-21,1.3963433428550331
248,2019-02-22,0.27346392654297347
249,2019-02-25,1.5689376027340245
250,2019-02-26,-0.7498799385670054
251,2019-02-27,-0.08961844539902586
252,2019-02-28,-0.7282964115359789
253,2019-03-01,1.8012359999999887
254,2019-03-05,1.5635140502799914
255,2019-03-06,1.2782104497200066
256,2019-03-07,0.9139331713400054
257,2019-03-08,-0.599915824223018
258,2019-03-11,3.009870266723027
259,2019-03-12,2.365801980314984
260,2019-03-13,0.4442240976599976
261,2019-03-14,0.3057698081850333
262,2019-03-15,2.113133560997994
263,2019-03-18,1.4382643670869868
264,2019-03-19,1.8253814699579891
265,2019-03-20,-1.8590064111130005
266,2019-03-22,0.00258948530699854
267,2019-03-25,-2.034153222236995
268,2019-03-26,2.439373499999988
269,2019-03-27,-1.7559768587799738
270,2019-03-28,1.9270526087800022
271,2019-04-01,1.2892230815729704
272,2019-04-02,1.2083961365670177
273,2019-04-03,-0.3021639883000091
274,2019-04-04,-0.5276532298399843
275,2019-04-05,0.6952598773049772
276,2019-04-08,-1.3551463773049761
277,2019-04-09,0.029834403709998014
278,2019-04-10,-0.5651793191200056
279,2019-04-11,0.46895433569500256
280,2019-04-12,-0.022461761700014904
281,2019-04-15,1.3301518379460333
282,2019-04-16,-0.1798356454560519
283,2019-04-18,0.4951630391700519
284,2019-04-22,-2.177309478735026
285,2019-04-23,-1.945245778275023
286,2019-04-24,2.87082872175003
287,2019-04-25,-2.012449836855012
288,2019-04-26,1.4571160047929936
289,2019-04-30,0.7414741777610061
290,2019-05-02,0.09862854931603238
291,2019-05-03,0.3241142499999796
292,2019-05-06,-1.0157504999999958
293,2019-05-07,-2.014251766081003
294,2019-05-08,-3.187671144639012
295,2019-05-09,-1.050667174659992
296,2019-05-10,-1.2406861612469982
297,2019-05-13,-0.7526630644829879
298,2019-05-14,-0.5261119002850023
299,2019-05-15,-0.22943628860500098
300,2019-05-16,1.6488587309870013
301,2019-05-17,2.0801375360709926
302,2019-05-20,5.877333732941992
303,2019-05-21,-1.3205805756599887
306,2019-05-24,2.7441933466180046
307,2019-05-27,2.5959533901269936
308,2019-05-28,-0.8369842500000004
309,2019-05-29,-1.3498647456009962
310,2019-05-30,1.3688806962849753
311,2019-05-31,-0.7362679872339868
312,2019-06-03,3.384005683619989
313,2019-06-04,0.060228106398994896
314,2019-06-06,-3.7092617534689794
315,2019-06-07,1.039256087437991
316,2019-06-10,0.7862221746569844
317,2019-06-11,0.17592526376103024
318,2019-06-12,-0.5210275655160217
319,2019-06-13,-0.6612846580049734
320,2019-06-14,-1.5384562461000257
321,2019-06-17,-2.0954847520320072
322,2019-06-18,-0.5410670542029834
323,2019-06-19,0.8293825951299709
324,2019-06-20,1.7507589048700254
325,2019-06-21,-1.317934503420986
326,2019-06-24,0.15270322365498146
327,2019-06-25,1.3088252313309852
328,2019-06-26,0.6512152482350189
329,2019-06-27,-0.0032691513650036086
330,2019-06-28,-0.07339043860997663
331,2019-07-01,2.0563667187199997
332,2019-07-02,0.08859225214499133
333,2019-07-03,0.29584166930999345
334,2019-07-04,0.6253979999999899
335,2019-07-05,-1.2917383617320013
336,2019-07-08,-2.945917001168965
337,2019-07-09,-1.0448016082150389
338,2019-07-10,-0.6208877929620087
339,2019-07-11,2.206074533235011
340,2019-07-12,-1.1955790191569804
341,2019-07-15,0.8233390960920133
342,2019-07-16,0.5933298164219991
343,2019-07-17,-0.00011141251403046226
344,2019-07-18,-1.0483246156420023
345,2019-07-19,-2.742550884357996
346,2019-07-22,-1.0042443668450005
347,2019-07-23,-1.013293502659991
348,2019-07-24,-0.5257862558499937
349,2019-07-25,-0.6712811231310241
350,2019-07-26,0.5436777285910352
351,2019-07-29,-0.7150726487050179
352,2019-07-30,-1.6956249607270024
353,2019-07-31,0.1726061293269936
354,2019-08-01,-2.744327999999996
355,2019-08-02,0.5029122074789996
356,2019-08-05,-2.7592722206749727
357,2019-08-06,-2.865048486804028
358,2019-08-07,-0.6780669999999986
359,2019-08-08,2.627625640139996
360,2019-08-09,2.617948908149998
361,2019-08-13,-5.011820010559973
362,2019-08-14,2.5385150632489797
363,2019-08-16,-1.1331614198639954
364,2019-08-19,1.3562590155629834
365,2019-08-20,-2.3696016966779894
366,2019-08-21,-0.9723110844300038
367,2019-08-22,-1.6964070887879927
368,2019-08-23,0.2138651367540092
369,2019-08-26,4.083807667938004
370,2019-08-27,-0.7571497499519921
371,2019-08-28,0.5154915526889852
372,2019-08-29,-2.5276632394459853
373,2019-08-30,1.8995975552349762
374,2019-09-03,-3.737736916664005
375,2019-09-04,-0.38060378714499166
376,2019-09-05,1.0862516875359916
377,2019-09-06,0.8187623664379942
378,2019-09-09,1.9535198290000153
379,2019-09-11,0.047249984454992955
380,2019-09-12,-0.09915943854997522
381,2019-09-13,1.8990862098779644
382,2019-09-16,-0.443450684947976
383,2019-09-17,-4.164394249367007
384,2019-09-18,0.40798395186200764
385,2019-09-19,-1.541178028204996
386,2019-09-20,7.575755844789967
387,2019-09-23,5.740564620085024
388,2019-09-24,0.746903815404977
389,2019-09-25,-3.2117876191099697
390,2019-09-26,1.7798119990249859
391,2019-09-27,-0.6058140440630098
392,2019-09-30,1.1079497256530146
393,2019-10-01,-2.5904805029750264
394,2019-10-03,-1.1450115130999734
395,2019-10-04,-1.6779292500000054
396,2019-10-07,-0.23575482868901076
397,2019-10-09,1.7567692403040098
398,2019-10-10,-1.5440336923949758
399,2019-10-11,1.936906183619982
400,2019-10-14,0.6673611610419812
401,2019-10-15,0.006152957093036093
402,2019-10-16,-0.1882157709750345
403,2019-10-17,2.0293595904670383
404,2019-10-18,1.4973567851419887
405,2019-10-22,-0.2990074746329867
406,2019-10-23,0.29113259765398425
407,2019-10-24,0.5198595722389996
408,2019-10-25,-1.0704922784920257
409,2019-10-29,3.9116441300560325
410,2019-10-30,0.454020261729994
411,2019-10-31,0.22105026260697969
412,2019-11-01,0.2327850440400141
413,2019-11-04,1.8129653437000002
414,2019-11-05,-1.4977490879350057
415,2019-11-06,0.9273677529500048
416,2019-11-07,0.40858900390000485
417,2019-11-08,-2.3565345255150305
418,2019-11-11,0.07425025404000962
419,2019-11-13,-1.9581255654049983
420,2019-11-14,-0.37826688658697094
421,2019-11-15,0.7400265799569752
422,2019-11-18,0.430165640085022
423,2019-11-19,0.23808766470901332
424,2019-11-20,1.0241436933529826
425,2019-11-21,-0.2357773098680127
426,2019-11-22,-0.6928639980449987
427,2019-11-25,2.124584199851
428,2019-11-26,-0.2614558295550182
429,2019-11-27,1.4718473095550166
430,2019-11-28,1.180197609248978
431,2019-11-29,-2.082592214763963
432,2019-12-02,-0.5193528056000218
433,2019-12-03,-0.5250321962950011
434,2019-12-04,-0.09867001267500086
435,2019-12-05,0.7730683601750172
436,2019-12-06,-1.1291279700899963
437,2019-12-09,0.45095649999998955
438,2019-12-10,-0.37322714793998557
439,2019-12-11,0.6446251043929863
440,2019-12-12,1.5266576866370087
441,2019-12-13,2.0354095204500027
442,2019-12-16,-0.7775357050700222
443,2019-12-17,1.0113205415300115
444,2019-12-18,0.08991479042200012
445,2019-12-19,1.0859818565429862
446,2019-12-20,-0.4063273847649782
447,2019-12-23,0.36345073780000803
448,2019-12-24,-1.1305970883850023
449,2019-12-26,-2.0240097373250023
450,2019-12-27,2.2424290908349747
451,2019-12-30,0.1164368018820312
452,2019-12-31,-1.2256019825220221
453,2020-01-01,0.2822979155150165
454,2020-01-02,2.012903745599999
455,2020-01-03,-1.7235933204270282
456,2020-01-06,-4.014678093667982
457,2020-01-07,0.7024888848449962
458,2020-01-08,-1.2503013348279808
459,2020-01-09,4.411958293650969
460,2020-01-10,1.0997568858570048
461,2020-01-13,1.613664890640024
462,2020-01-14,1.0302442910299874
463,2020-01-15,-0.5772424951249775
464,2020-01-16,0.493448752424996
465,2020-01-17,-0.6127577611450192
466,2020-01-20,-2.0091555840649846
467,2020-01-21,-0.7700693592879873
468,2020-01-22,-1.2130854015610453
469,2020-01-23,1.2512812550800163
470,2020-01-24,0.3673746009790193
471,2020-01-27,-1.8243332500000236
472,2020-01-28,-1.151294329609982
473,2020-01-29,1.5289648296099756
474,2020-01-30,-1.48395823487499
475,2020-01-31,-1.823143823094
476,2020-02-03,-3.220545673114003
477,2020-02-04,4.220255013685005
478,2020-02-05,2.0552424668129845
479,2020-02-06,0.4921620401400162
480,2020-02-07,-1.245954560427009
481,2020-02-10,-1.04364322912798
482,2020-02-11,1.6252700853389683
483,2020-02-12,1.3211041505110188
484,2020-02-13,-0.4211923516839988
485,2020-02-14,-0.797826698121014
486,2020-02-17,-1.5274010127299675
487,2020-02-18,-0.3495386733150099
488,2020-02-19,1.3240743626609799
489,2020-02-20,-1.221366106162975
490,2020-02-24,-3.630799417297027
491,2020-02-25,-0.8039314121209884
492,2020-02-26,-1.2602084270800162
493,2020-02-27,-0.16358352102997742
494,2020-02-28,-6.604336978969997
495,2020-03-02,-1.4268135000000086
496,2020-03-03,0.9169979222600091
497,2020-03-04,-1.8095279222600027
498,2020-03-05,-1.2082709999999963
499,2020-03-06,-3.401958359700018
500,2020-03-09,-7.55625770507001
501,2020-03-11,-0.30349426611400077
502,2020-03-12,-12.659552039099992
503,2020-03-13,3.927206959583998
504,2020-03-16,-7.7550338989789935
505,2020-03-17,-5.134459985290988
506,2020-03-18,-4.893610539974986
507,2020-03-19,-4.212318914640022
508,2020-03-20,6.1485795937600045
509,2020-03-23,-15.720268844475001
510,2020-03-24,1.3295760011549902
511,2020-03-25,5.690405488132015
512,2020-03-26,6.279593331787993
513,2020-03-27,1.953944678924998
514,2020-03-30,-6.158614581140981
515,2020-03-31,4.299107331140988
516,2020-04-01,-4.454512038819999
517,2020-04-03,-4.787149338965008
518,2020-04-07,10.950226494765005
519,2020-04-08,-1.6130796169800021
520,2020-04-09,5.830724897514983
521,2020-04-13,-1.8779171309539748
522,2020-04-15,-0.5340530847110045
523,2020-04-16,-1.0804481572949811
524,2020-04-17,3.001190725444985
525,2020-04-20,1.5113385927580083
526,2020-04-21,-4.650536667118018
527,2020-04-22,3.033656140920016
528,2020-04-23,2.548243151238978
529,2020-04-24,-2.124313101563999
530,2020-04-27,1.9149036271200117
531,2020-04-28,1.4334657889109934
532,2020-04-29,1.8050076542360074
533,2020-04-30,6.079650209105978
534,2020-05-04,-8.093231895607985
535,2020-05-05,-1.558499254943996
536,2020-05-06,0.35102598838298604
537,2020-05-07,-0.9157291941789794
538,2020-05-08,0.79979396073999
539,2020-05-11,0.7345337819949833
540,2020-05-12,-1.8246611372749726
541,2020-05-13,3.482638478550001
542,2020-05-14,-2.7796476232700087
543,2020-05-15,-0.16959587996799996
544,2020-05-18,-4.675139370031999
545,2020-05-19,1.0740062782430044
546,2020-05-20,1.8538118059470037
547,2020-05-21,0.8684126658099842
548,2020-05-22,-0.6400722499999887
549,2020-05-26,-0.8933173621049946
550,2020-05-27,4.222192733959972
551,2020-05-28,1.7975802423600413
552,2020-05-29,1.4721885686099796
553,2020-06-01,4.003062695187978
554,2020-06-02,1.6463007088320296
555,2020-06-03,2.2659561653649973
556,2020-06-04,-1.2847749778769924
557,2020-06-05,1.5978747052439815
558,2020-06-08,0.28430925261301354
559,2020-06-09,-1.7905173619970185
560,2020-06-10,1.1213215078199994
561,2020-06-11,-3.45981962801298
562,2020-06-12,0.04687901858099508
563,2020-06-15,-1.3578759514060152
564,2020-06-16,1.2907049328250082
565,2020-06-17,-1.5884611494050205
566,2020-06-18,2.927622207038013
567,2020-06-19,2.2617276601660024
568,2020-06-22,1.132122639431003
569,2020-06-23,2.933294642770022
570,2020-06-24,-1.8564787790700166
571,2020-06-25,-0.8650993741970296
572,2020-06-26,2.0173581532670255
573,2020-06-29,-1.0789712294159983
574,2020-06-30,-0.2804469356939876
575,2020-07-01,1.5963516409149747
576,2020-07-02,2.1545952085299973
577,2020-07-03,2.116477132912024
578,2020-07-06,2.177882568633976
579,2020-07-07,0.6116718046920084
580,2020-07-08,-2.2434759405730063
581,2020-07-09,1.7904411520800068
582,2020-07-10,-1.3703543403149752
583,2020-07-13,0.8056010327099727
584,2020-07-14,-3.140114376788972
585,2020-07-15,-0.08978673744601906
586,2020-07-16,2.459452065405003
587,2020-07-17,2.0549389482449953
588,2020-07-20,2.154001009749976
589,2020-07-21,1.6801867463600217
590,2020-07-22,0.03878342076600916
591,2020-07-23,1.00710468540899
592,2020-07-24,-0.2510894292870205
593,2020-07-27,-0.7444482352079547
594,2020-07-28,1.7712763583849949
595,2020-07-29,-1.4818823070120004
596,2020-07-30,-0.8303125681200356
597,2020-07-31,-0.6935773246079862
598,2020-08-03,-2.283386769392962
599,2020-08-04,1.9083721690679738
600,2020-08-05,0.24038829599899714
601,2020-08-06,2.036976275414986
602,2020-08-07,0.15197062514101844
603,2020-08-10,0.5010556150839989
604,2020-08-11,0.550575438360994
605,2020-08-12,0.20804362024099987
606,2020-08-13,0.15376728768899284
607,2020-08-14,-2.1465004966819947
608,2020-08-17,1.1743064685110198
609,2020-08-18,1.6408394570379983
610,2020-08-19,0.7294468908729641
611,2020-08-20,-1.6368748265649913
612,2020-08-21,0.7240991856920118
613,2020-08-24,1.4251731658679887
614,2020-08-25,1.1558014973350055
615,2020-08-26,0.9241600984790068
616,2020-08-27,0.5804251515209842
617,2020-08-28,2.180115199995015
618,2020-08-31,-2.159150199994997
619,2020-09-01,-0.026889000000011265
620,2020-09-02,1.7325064999999995
621,2020-09-03,-0.05692993786001921
622,2020-09-04,-3.0623876356049493
623,2020-09-07,0.617937112884988
624,2020-09-08,-1.2613265484179976
625,2020-09-09,-0.8162389910019954
626,2020-09-10,2.813268999999991
627,2020-09-11,0.2525196519999895
628,2020-09-14,-0.22888485575498407
629,2020-09-15,0.8244907548750007
630,2020-09-16,0.7295213066299766
631,2020-09-17,-0.6687595737859624
632,2020-09-18,-0.2206171339140326
633,2020-09-21,-3.3560463518549852
634,2020-09-22,-1.406964334114008
635,2020-09-23,-0.14044853363597554
636,2020-09-24,-4.990391873475005
637,2020-09-25,3.515570943029985
638,2020-09-28,2.3726303040450034
639,2020-09-29,-0.6422148185070284
640,2020-09-30,0.6099109737720312
641,2020-10-01,2.59086078644998
642,2020-10-05,1.9775017217820334
643,2020-10-06,2.6356305805559543
644,2020-10-07,-0.4921168949749699
645,2020-10-08,1.900689830059008
646,2020-10-09,1.6542903777879872
647,2020-10-12,0.8251180097499855
648,2020-10-13,-0.7032553707200009
649,2020-10-14,-0.10026899868498163
650,2020-10-15,-3.247759785727993
651,2020-10-16,0.9554239920679777
652,2020-10-19,1.3530124372250043
653,2020-10-20,0.037856804680018286
654,2020-10-21,0.3881140594379815
655,2020-10-22,-0.6307949624579976
656,2020-10-23,0.3765703995450167
657,2020-10-26,-2.4292509460850056
658,2020-10-27,1.3744199874929848
659,2020-10-28,-1.8560163851519746
660,2020-10-29,-2.138820521971013
661,2020-10-30,-0.020603315555035806
662,2020-11-02,-0.23493791994098956
663,2020-11-03,2.137135155126032
664,2020-11-04,0.8472390000000019
665,2020-11-05,3.430953078419975
666,2020-11-06,2.514503390640016
667,2020-11-09,2.9761962451249815
668,2020-11-10,2.3617186987130196
669,2020-11-11,0.8313336507439715
670,2020-11-12,-1.445437178591959
671,2020-11-13,-0.2832506304350204
672,2020-11-17,3.1031274657949837
673,2020-11-18,0.7054422795900166
674,2020-11-19,-2.095608979785027
675,2020-11-20,1.9195415982600252
676,2020-11-23,0.7673773109049762
677,2020-11-24,1.539566186999025
678,2020-11-25,-1.9813889296680145
679,2020-11-26,2.1673663132890226
680,2020-11-27,-0.8801256165250209
681,2020-12-01,1.9444814322700097
682,2020-12-02,0.9552299342550157
683,2020-12-03,0.24731405782497973
684,2020-12-04,1.2015494522649988
685,2020-12-07,1.5028767399099934
686,2020-12-08,-0.05836686554999915
687,2020-12-09,2.5699499620260156
688,2020-12-10,-1.2147022338509998
689,2020-12-11,1.0078512338509995
690,2020-12-14,0.5737795062659927
691,2020-12-15,-0.18051974649097247
692,2020-12-16,1.8149333875589662
693,2020-12-17,1.1436222050700167
694,2020-12-18,0.4898058991200003
695,2020-12-21,-6.063829635874015
696,2020-12-22,1.0520571504990244
697,2020-12-23,0.9935002729509961
698,2020-12-24,3.080887614423972
699,2020-12-28,2.067107096345012
700,2020-12-29,1.16835703722802
701,2020-12-30,0.9087130711569671
702,2020-12-31,0.8361795452700278
703,2021-01-01,0.6146674999999959
704,2021-01-04,1.5510932492709912
705,2021-01-05,0.3147702507289978
706,2021-01-06,-0.8677392499999996
707,2021-01-07,-0.0930287297209702
708,2021-01-08,2.6315962297209694
709,2021-01-11,2.0748490000000004
710,2021-01-12,0.693955252584999
711,2021-01-13,0.965751453227
712,2021-01-14,0.4056954003910107
713,2021-01-15,-1.9961737882130137
714,2021-01-18,-2.2707990334449732
715,2021-01-19,3.1913907576879694
716,2021-01-20,1.688060972052
717,2021-01-21,0.016106123150024132
718,2021-01-22,-3.1110062279980184
719,2021-01-25,-1.9369422031280124
720,2021-01-27,-3.508401456308974
721,2021-01-28,-2.36040306994002
722,2021-01-29,-2.259531290669969
723,2021-02-01,8.950581235229976
724,2021-02-02,4.443049378064018
725,2021-02-03,2.5053857215459914
726,2021-02-04,1.6134246422449792
727,2021-02-05,0.1537416335250157
728,2021-02-08,3.079430270895017
729,2021-02-09,-0.4972545947350113
730,2021-02-10,0.17310007384000414
731,2021-02-11,1.0534538216750207
732,2021-02-12,0.13558939648996216
733,2021-02-15,2.4191329679600244
734,2021-02-16,-0.13972635156002866
735,2021-02-17,-2.2910355735640167
736,2021-02-18,-0.8402144322859897
737,2021-02-19,-1.3453760787149633
738,2021-02-22,-4.0684669623150285
739,2021-02-23,0.7512927205350195
740,2021-02-24,3.979825491779991
741,2021-02-25,1.5182987995080168
742,2021-02-26,-9.911106954538013
743,2021-03-01,1.966452905370005
744,2021-03-02,2.931499016029022
745,2021-03-03,4.545260097653966
746,2021-03-04,-1.1337271140229745
747,2021-03-05,-2.659396696534003
748,2021-03-08,0.2475074129639836
749,2021-03-09,1.3858046656369822
750,2021-03-10,2.620037988438014
751,2021-03-12,-1.5858327859399992
752,2021-03-15,-1.5310303345650027
753,2021-03-16,0.2150471890500114
754,2021-03-17,-2.6083838780999997
755,2021-03-18,-1.642548519261993
756,2021-03-19,1.5280082083120021
757,2021-03-22,0.6322418001009851
758,2021-03-23,1.1561601998990056
759,2021-03-24,-4.3062438151480364
760,2021-03-25,-3.192088302736977
761,2021-03-26,2.6122790323450147
762,2021-03-30,4.2810514104630215
763,2021-03-31,-4.047010469803041
764,2021-04-01,3.074289153429021
765,2021-04-05,-3.6189272660089955
766,2021-04-06,0.8871052574599787
767,2021-04-07,1.2717696966350047
768,2021-04-08,-1.7240675176300044
769,2021-04-09,-0.9092356742699792
770,2021-04-12,-7.502384514225014
771,2021-04-13,1.9143824091650004
772,2021-04-15,0.9346442494800158
773,2021-04-16,1.2599138184829997
774,2021-04-19,-3.041476902493031
775,2021-04-20,-1.6461593433399742
776,2021-04-22,0.05390851168198196
777,2021-04-23,0.0014170095660404058
778,2021-04-26,2.492392256946971
779,2021-04-27,2.376518693630004
780,2021-04-28,3.4660846416150264
781,2021-04-29,1.121926226441957
782,2021-04-30,-3.0086164378409705
783,2021-05-03,0.07043555308996474
784,2021-05-04,-1.176394176935986
785,2021-05-05,1.8042341003860258
786,2021-05-06,1.3907037573639798
787,2021-05-07,1.836637553593988
788,2021-05-10,2.5157431538520143
789,2021-05-11,-1.8289643151960036
790,2021-05-12,-1.7458552500000053
791,2021-05-14,-0.4456763551199856
792,2021-05-17,3.788388090705979
793,2021-05-18,2.5540332280460234
794,2021-05-19,-0.6580368667070218
795,2021-05-20,-1.9653844100399738
796,2021-05-21,4.253808642590002
797,2021-05-24,0.6259250451449816
798,2021-05-25,0.3451568525349842
799,2021-05-26,1.3686057011700257
800,2021-05-27,0.8833921915149858
801,2021-05-28,1.314867459537993
802,2021-05-31,2.8815356270870325
803,2021-06-01,-0.3745885007010372
804,2021-06-02,-1.071701329193985
805,2021-06-03,1.2373175147750146
806,2021-06-04,-0.5105188913450149
807,2021-06-07,1.5239142629559979
808,2021-06-08,0.12489126705000331
809,2021-06-09,-1.9233323378790033
810,2021-06-10,1.371717057872985
811,2021-06-11,0.7649794948640363
812,2021-06-14,-0.4770858339689994
813,2021-06-15,0.9424948391049668
814,2021-06-16,-1.8785272086299756
815,2021-06-17,-2.4190643448840206
816,2021-06-18,-1.3480405120829744
817,2021-06-21,1.1653763155970012
818,2021-06-22,0.38557924999997795
819,2021-06-23,-1.7220837766650163
820,2021-06-24,1.6450327031200231
821,2021-06-25,1.1000787032560027
822,2021-06-28,-0.6785672520859976
823,2021-06-29,-1.0974486025350245
824,2021-06-30,-0.37852502508997077
825,2021-07-01,-0.7938315000000102
826,2021-07-02,0.08003561592499864
827,2021-07-05,1.6786622345090052
828,2021-07-06,0.25839414956598716
829,2021-07-07,-0.44416836998399845
830,2021-07-08,-2.2028149043009932
831,2021-07-09,-0.22679793539998627
832,2021-07-12,0.6965589605099751
833,2021-07-13,1.4495202539100092
834,2021-07-14,0.22513890709498696
835,2021-07-15,1.4823513066300222
836,2021-07-16,-0.2018205728039959
837,2021-07-19,-2.5619268066470227
838,2021-07-20,-2.612364552993995
839,2021-07-22,4.126236794355009
840,2021-07-23,0.38231985058502005
841,2021-07-26,-0.40858991171504044
842,2021-07-27,-0.5910489443449762
843,2021-07-28,-1.1113940268930094
844,2021-07-29,1.2581339233829851
845,2021-07-30,0.18704880235503651
846,2021-08-02,1.2790922332549712
847,2021-08-03,3.4311327430050085
848,2021-08-04,2.0640888225699996
849,2021-08-05,0.5801341567500344
850,2021-08-06,-0.45173829701502655
851,2021-08-09,-0.948716432304991
852,2021-08-10,0.3747096492610069
853,2021-08-11,0.11028885073898209
854,2021-08-12,2.1018367765449852
855,2021-08-13,1.7432720582490333
856,2021-08-16,0.5896908883999856
857,2021-08-17,0.9437879026069993
858,2021-08-18,-1.3130134335779928
859,2021-08-20,-1.772402692223011
860,2021-08-23,0.9967920385209936
861,2021-08-24,2.306637085325036
862,2021-08-25,0.01918269957096186
863,2021-08-26,0.16344095312800277
864,2021-08-27,0.7546406916699766
865,2021-08-30,5.09426545807105
866,2021-08-31,3.010940834931972
867,2021-09-01,0.5527309887820024
868,2021-09-02,2.197545757090978
869,2021-09-03,1.000336940901036
870,2021-09-06,0.9504392517080191
871,2021-09-07,-0.5970722477980246
872,2021-09-08,-1.0200074519020177
873,2021-09-09,-1.070715000000007
874,2021-09-13,0.6613699223810556
875,2021-09-14,0.28379407761897824
876,2021-09-15,1.5458414955819535
877,2021-09-16,2.1818200044180287
878,2021-09-17,-1.0259522351370265
879,2021-09-20,-2.9764078593839827
880,2021-09-21,2.3631705945209944
881,2021-09-22,-0.6470525515589998
882,2021-09-23,3.476781179942975
883,2021-09-24,0.5344363945330031
884,2021-09-27,0.1150124798150216
885,2021-09-28,-1.4961077988269835
886,2021-09-29,-1.5856019729009745
887,2021-09-30,-1.7669662200990501
888,2021-10-01,-0.9480856431779614
889,2021-10-04,2.480069632272972
890,2021-10-05,0.41285597321004275
891,2021-10-06,-2.3465474732100517
892,2021-10-07,1.3132103699840343
893,2021-10-08,1.1877259927319415
894,2021-10-11,-0.8471826836149887
895,2021-10-12,0.3049708632769921
896,2021-10-13,1.9976334576220438
897,2021-10-14,2.9107518208990086
898,2021-10-18,2.818425191393004
899,2021-10-19,-1.5140160122920179
900,2021-10-20,-1.657051004992013
901,2021-10-21,-0.1783165215049678
902,2021-10-22,-1.0259329509160011
903,2021-10-25,-0.2766357089930125
904,2021-10-26,1.5961991933529873
905,2021-10-27,-0.10948308563999376
906,2021-10-28,-5.240805921306986
907,2021-10-29,-1.6777049227210057
908,2021-11-01,3.0368200410069903
909,2021-11-02,-0.22119675557001983
910,2021-11-03,-0.4240858164010035
911,2021-11-04,2.0504701456390535
912,2021-11-08,2.851694285144987
913,2021-11-09,0.5566180229009774
914,2021-11-10,-1.1947341294420255
915,2021-11-11,-2.686701125597949
916,2021-11-12,3.351322505039974
917,2021-11-15,0.03580964398798869
918,2021-11-16,-1.7890693867229857
919,2021-11-17,-1.4403667561350062
920,2021-11-18,-1.1580674341839483
921,2021-11-22,-4.82886690624801
922,2021-11-23,0.7655615862169896
923,2021-11-24,-1.2385399065229876
924,2021-11-25,1.0667879096079673
925,2021-11-26,-6.456748582582009
926,2021-11-29,-1.0804806836150078
927,2021-11-30,-1.1643743398470008
928,2021-12-01,2.4476344157280323
929,2021-12-02,3.232218902345977
930,2021-12-03,-2.628818927445991
931,2021-12-06,-4.5375537845839915
932,2021-12-07,3.0341114408159626
933,2021-12-08,3.8346163091840424
934,2021-12-09,0.7121721629939941
935,2021-12-10,-0.7390401819259864
936,2021-12-13,-2.2396407310680218
937,2021-12-14,-0.9190596434920053
938,2021-12-15,-2.0193712148579834
939,2021-12-16,-0.14515361133899773
940,2021-12-17,-3.3175809840600436
941,2021-12-20,-4.40566142186799
942,2021-12-21,2.7821957144170426
943,2021-12-22,2.640180242627963
944,2021-12-23,2.2306949370400275
945,2021-12-24,0.26086373153196973
946,2021-12-27,0.3642737500000237
947,2021-12-28,2.968627749999996
948,2021-12-29,0.46089391881102415
949,2021-12-30,0.40420985797894105
950,2021-12-31,2.446713215945067
951,2022-01-03,3.385211276244945
952,2022-01-04,2.765676481020023
953,2022-01-05,1.2005192500000135
954,2022-01-06,-2.0869074969150176
955,2022-01-07,0.9330676526179786
956,2022-01-10,3.0472023096810403
957,2022-01-11,1.4103505346159864
958,2022-01-12,2.9159079031230135
959,2022-01-13,0.6705004294269941
960,2022-01-14,-0.5937163325500023
961,2022-01-17,-0.6470850069949847
962,2022-01-18,-2.223944375277995
963,2022-01-19,-3.5359512279360388
964,2022-01-20,-1.880479639790991
965,2022-01-21,-1.8960770984789974
966,2022-01-24,-6.166346355778984
967,2022-01-25,1.0230851412009372
968,2022-01-27,-3.017957666310963
969,2022-01-28,-1.0672112048079896
970,2022-01-31,3.6833190737100097
971,2022-02-01,4.687447915983
972,2022-02-02,2.120336194483002
973,2022-02-03,-3.186557438065023
974,2022-02-04,-0.02618099887797598
975,2022-02-07,-4.0552876012840215
976,2022-02-08,0.6602555382270054
977,2022-02-09,2.534515356028038
978,2022-02-10,1.5320268674749684
979,2022-02-11,-5.330451223503019
980,2022-02-14,-6.452445733786959
981,2022-02-15,5.723416764433978
982,2022-02-16,1.1419824804909524
983,2022-02-17,0.1812003783960563
984,2022-02-18,-0.4462153850519712
985,2022-02-21,0.24216973100797645
986,2022-02-22,-1.0197352165100426
987,2022-02-23,-0.7127002689799724
988,2022-02-24,-10.958328587195012
989,2022-02-25,3.200762922246014
990,2022-02-28,2.804499523459981
991,2022-03-02,-4.645865011463002
992,2022-03-03,-0.9284546706659569
993,2022-03-04,-4.0722556285890334
994,2022-03-07,-6.47978578116701
995,2022-03-08,0.1573033631090084
996,2022-03-09,4.763400886874024
997,2022-03-10,5.468126369175991
998,2022-03-11,-0.04861007000903328
999,2022-03-14,1.8907713098730596
1000,2022-03-15,-1.9641158756490142
1001,2022-03-16,4.72872207320799
1002,2022-03-17,4.813081900066038
1003,2022-03-21,-2.0064319215710498
1004,2022-03-22,1.532193448297022
1005,2022-03-23,-0.31178136226000674
1006,2022-03-24,-1.62706288774001
1007,2022-03-25,-0.24217724999999746
1008,2022-03-28,1.041813999999988
1009,2022-03-29,2.0819358717120338
1010,2022-03-30,3.3945161282879894
1011,2022-03-31,-0.9317490000000248
1012,2022-04-01,2.4653750111059765
1013,2022-04-04,4.774197734063023
1014,2022-04-05,0.35290203518999874
1015,2022-04-06,-1.8949994980449958
1016,2022-04-07,-3.7626331488869766
1017,2022-04-08,2.0132722659299986
1018,2022-04-11,-1.4588062866890539
1019,2022-04-12,-1.6598850144019366
1020,2022-04-13,-1.664305163654035
1021,2022-04-18,-4.498247162121004
1022,2022-04-19,-2.6640871464809948
1023,2022-04-20,1.835314140251029
1024,2022-04-21,3.853760107728988
1025,2022-04-22,-2.909898562119025
1026,2022-04-25,-3.3833344257890303
1027,2022-04-26,3.0391159192450914
1028,2022-04-27,-2.888813913725045
1029,2022-04-28,3.639479171535015
1030,2022-04-29,-2.2055235156200013
1031,2022-05-02,-0.2490118571050175
1032,2022-05-04,-4.966023603518977
1033,2022-05-05,1.4173437578849644
1034,2022-05-06,-5.097332594777981
1035,2022-05-09,-2.586747430653986
1036,2022-05-10,-1.9073500399159968
1037,2022-05-11,-0.7004477393610102
1038,2022-05-12,-5.02650004006901
1039,2022-05-13,-0.39702800101699154
1040,2022-05-16,0.6658132843470241
1041,2022-05-17,4.520059110334984
1042,2022-05-18,0.9250945859600108
1043,2022-05-19,-6.755079955275022
1044,2022-05-20,6.942803425806005
1045,2022-05-23,-1.7347009444060006
1046,2022-05-24,-0.36058261224101784
1047,2022-05-25,-1.1533168103739797
1048,2022-05-26,1.8146225623289922
1049,2022-05-27,1.9926427665259894
1050,2022-05-30,3.7966210205709956
1051,2022-05-31,-0.5081793576609641
1052,2022-06-01,-1.0120258249000358
1053,2022-06-02,1.3896127499999977
1054,2022-06-03,0.05037989520604924
1055,2022-06-06,-1.1019837929549965
1056,2022-06-07,-2.316595626601014
1057,2022-06-08,-0.36337372565003534
1058,2022-06-09,1.4205108193940248
1059,2022-06-10,-3.8141020751440067
1060,2022-06-13,-6.422772092969012
1061,2022-06-14,-0.4938730037349899
1062,2022-06-15,-0.05603793375303212
1063,2022-06-16,-4.036427283059965
1064,2022-06-17,-1.0601731807330168
1065,2022-06-20,0.7725350653570047
1066,2022-06-21,3.765061232598015
1067,2022-06-22,-3.4020293935649875
1068,2022-06-23,1.694590946108974
1069,2022-06-24,1.9493003995009985
1070,2022-06-27,1.414462208095017
1071,2022-06-28,-0.2594123722350048
1072,2022-06-29,-2.247139330837001
1073,2022-06-30,0.2034559949769914
1074,2022-07-01,-0.530710019479983
1075,2022-07-04,1.086579417074006
1076,2022-07-05,-0.27869530078200455
1077,2022-07-06,1.1636448963830048
1078,2022-07-07,2.641835103345983
1079,2022-07-08,0.6553060178660246
1080,2022-07-11,-0.34994886440702544
1081,2022-07-12,-2.357151853489995
1082,2022-07-13,-1.1531329269480182
1083,2022-07-14,-1.1811058203320215
1084,2022-07-15,1.2086478419750222
1085,2022-07-18,3.2775667587949897
1086,2022-07-19,-0.022334186525000632
1087,2022-07-20,2.715429840032016
1088,2022-07-21,0.6584200964929892
1089,2022-07-22,2.029276210164994
1090,2022-07-25,-1.3748069601649604
1091,2022-07-26,-1.4300795047040253
1092,2022-07-27,1.6651452867290288
1093,2022-07-28,3.5877507210909982
1094,2022-07-29,3.6014222468839705
1095,2022-08-01,3.3250934616870325
1096,2022-08-02,0.7272931469479431
1097,2022-08-03,1.5319349156670228
1098,2022-08-04,-1.520951274302007
1099,2022-08-05,0.0915195000000324
1100,2022-08-08,0.9109618761370086
1101,2022-08-10,-0.3519108761369978
1102,2022-08-11,2.9210684999999614
1103,2022-08-12,-0.956269938649001
1104,2022-08-16,1.7569254386490059
1105,2022-08-17,2.6622062500000254
1106,2022-08-18,-0.45574225000004276
1107,2022-08-19,-3.6321786413970187
1108,2022-08-22,-3.776558531255972
1109,2022-08-23,1.1740256726530163
1110,2022-08-24,0.4316340695369547
1111,2022-08-25,-0.8754454570289738
1112,2022-08-26,0.21098148203000733
1113,2022-08-29,-3.2871828046920086
1114,2022-08-30,5.564923976559044
1115,2022-09-01,-1.5495076484539823
1116,2022-09-02,-0.5156976148150818
1117,2022-09-05,1.5672881929470748
1118,2022-09-06,-0.28685369687701723
1119,2022-09-07,-0.7082902054500266
1120,2022-09-08,2.8763109562440263
1121,2022-09-09,0.2738979445140046
1122,2022-09-12,1.4357287968719845
1123,2022-09-13,2.545846950776024
1124,2022-09-14,-1.5556724421620345
1125,2022-09-15,-1.1581461788740057
1126,2022-09-16,-5.4486008180099645
1127,2022-09-19,1.585254746883976
1128,2022-09-20,2.381057249999998
1129,2022-09-21,-1.3877234519669912
1130,2022-09-22,-1.9034776917810063
1131,2022-09-23,-6.481286579628005
1132,2022-09-26,-4.330571064856969
1133,2022-09-27,-1.0279367208440249
1134,2022-09-28,-2.109852175198995
1135,2022-09-29,0.26125648240500254
1136,2022-09-30,3.2558714531279804
1137,2022-10-03,-2.641835097653967
1138,2022-10-04,4.815827230048001
1139,2022-10-06,0.3069510820369885
1140,2022-10-07,-2.0280962677750267
1141,2022-10-10,-2.1012066979129713
1142,2022-10-11,-2.0891713741270053
1143,2022-10-12,2.0759316215219883
1144,2022-10-13,-1.1577902539099796
1145,2022-10-14,2.1188394040879643
1146,2022-10-17,0.9629882790810598
1147,2022-10-18,2.684833521699943
1148,2022-10-19,0.0801500516460294
1149,2022-10-20,-1.1983501102690184
1150,2022-10-21,0.5882314900630092
1151,2022-10-24,2.591780620206009
1152,2022-10-25,-1.4663639244529918
1153,2022-10-27,2.8362647556249385
1154,2022-10-28,-0.4240436076419485
1155,2022-10-31,3.274449029509981
1156,2022-11-01,0.3132574233679861
1157,2022-11-02,-0.6476167551619483
1158,2022-11-03,-0.9062197932300649
1159,2022-11-04,1.3391706011290125
1160,2022-11-07,2.9290327482740395
1161,2022-11-09,0.9846212725809664
1162,2022-11-10,-1.419935000832993
1163,2022-11-11,6.3743597969079815
1164,2022-11-14,-0.2919774886819937
1165,2022-11-15,-0.47625067971597446
1166,2022-11-16,-0.14374705469199967
1167,2022-11-17,-1.9850358750240105
1168,2022-11-18,-0.5363620019549842
1169,2022-11-21,-1.793542626533025
1170,2022-11-22,0.467924574210997
1171,2022-11-23,0.3185838563160246
1172,2022-11-24,2.875614710250005
1173,2022-11-25,0.29542903974996193
1174,2022-11-28,0.5566617500000177
1175,2022-11-29,0.732956914907021
1176,2022-11-30,1.7745147953430092
1177,2022-12-01,1.5851547897499643
1178,2022-12-02,-1.0202942175109797
1179,2022-12-05,-0.6683375902470061
1180,2022-12-06,-2.058328192241987
1181,2022-12-07,-2.3035075000000234
1182,2022-12-08,0.928002546222018
1183,2022-12-09,-1.4448008984360001
1184,2022-12-12,-0.36324880339199694
1185,2022-12-13,0.7123771556059921
1186,2022-12-14,1.3046102782159892
1187,2022-12-15,-3.2728175392959997
1188,2022-12-16,-2.7000317389199893
1189,2022-12-19,2.1778291592719654
1190,2022-12-20,-0.038783002142935175
1191,2022-12-21,-2.4003027886200243
1192,2022-12-22,-1.502703986314998
1193,2022-12-23,-3.867742158647985
1194,2022-12-26,3.2278846430079966
1195,2022-12-27,0.6270691538680069
1196,2022-12-28,0.2261104795779545
1197,2022-12-29,0.627447500000045
1198,2022-12-30,-0.9981789717680272
