,Date,Gold_Difference,CrudeOil_Difference,GBP/INR_Difference,FTSE100_Difference
1,2018-02-22,0.6000000000001364,1.0900000000000034,-0.008355981985999739,-106.81566767000004
2,2018-02-23,-2.400000000000091,0.779999999999994,0.0038319614239996636,19.970982769998955
3,2018-02-26,2.5,0.35999999999999943,0.00145230485100023,73.96749608999926
4,2018-02-27,-17.299999999999955,-0.8999999999999986,-6.764132900016762e-05,-11.095274719998997
5,2018-02-28,2.400000000000091,-1.3699999999999974,-0.006024563531999982,-114.26732631999948
6,2018-03-01,-12.700000000000045,-0.6499999999999986,-0.01531788324999983,494.2538860299992
7,2018-03-05,14.700000000000045,1.5799999999999983,0.005369902655999903,-201.03742961999887
8,2018-03-07,7.699999999999818,-1.4200000000000017,0.009012382232999938,204.77308192000055
9,2018-03-08,-5.899999999999864,-1.0300000000000011,0.0004953115370001093,96.20981609000046
10,2018-03-09,2.2999999999999545,1.9200000000000017,-0.009770753222000161,-290.3481475000008
11,2018-03-12,-3.2000000000000455,-0.6799999999999997,0.00517393905900021,-575.3515568000003
12,2018-03-13,6.2999999999999545,-0.6499999999999986,0.005069521188999948,143.0995377399995
13,2018-03-14,-1.5,0.25,0.006217568353999781,37.67875762999938
14,2018-03-15,-7.7999999999999545,0.22999999999999687,0.00011197869600021448,9.321536030000061
15,2018-03-16,-5.5,1.1500000000000057,-0.0034813786079999076,10.48545416000161
16,2018-03-19,5.5,-0.28000000000000114,0.0007417725000000708,-165.52739146000022
17,2018-03-20,-5.899999999999864,1.3399999999999963,0.008263423261999803,83.29826125
18,2018-03-21,9.599999999999909,1.7700000000000031,-0.002204899670000149,-45.65692321000097
19,2018-03-22,11.700000000000045,-0.8700000000000045,0.014105542932000281,-22.629249609999533
20,2018-03-23,22.5,1.5799999999999983,-0.00306829330300018,-65.19703825000033
21,2018-03-26,5.2000000000000455,-0.3299999999999983,0.0039112190410000025,-24.233210450000115
22,2018-03-27,-13.0,-0.29999999999999716,0.008430595914000083,221.5590597900009
23,2018-03-28,-17.90000000000009,-0.8700000000000045,-0.006100732504999984,19.419644879999396
24,2018-03-29,-2.7000000000000455,0.5600000000000023,-0.009817584711000027,-50.923185160001594
25,2018-04-04,12.900000000000091,-1.5700000000000003,-0.0014440751049999978,-40.04432608999741
26,2018-04-05,-11.700000000000045,0.1700000000000017,0.0023296924070002056,764.7448904699995
27,2018-04-06,7.599999999999909,-1.4799999999999969,-0.008061614000000272,183.92451833999803
28,2018-04-09,4.0,1.3599999999999994,0.008412801221000077,-335.2166005599993
29,2018-04-10,5.800000000000182,2.0900000000000034,0.004122831533999838,-21.105899719999798
30,2018-04-12,-4.0,1.559999999999988,0.00512048192499992,-523.634154899999
31,2018-04-13,6.0,0.3200000000000074,0.0052593340000002264,378.75247044000025
32,2018-04-16,2.7999999999999545,-1.1700000000000017,0.0006295426439999474,-88.20733392000147
33,2018-04-17,-1.2000000000000455,0.29999999999999716,0.010193671960000206,108.48389750000206
34,2018-04-18,4.0,1.9500000000000028,-0.004803591284000097,97.62013405999824
35,2018-04-19,-4.7000000000000455,-0.1799999999999926,-0.009092718149000145,-51.0172490799996
36,2018-04-20,-10.5,0.10999999999999943,-0.012126969851000036,-31.081848949999767
37,2018-04-23,-14.299999999999955,0.23999999999999488,-0.007569877317999962,-19.504292170000554
38,2018-04-24,9.0,-0.9399999999999977,-0.006949821735999784,-9.952855159999672
39,2018-04-25,-10.200000000000045,0.3499999999999943,0.005779008224999771,-23.205816120000236
40,2018-04-26,-4.899999999999864,0.14000000000000057,-0.005938494333000088,18.39220958000078
41,2018-04-27,5.5,-0.09000000000000341,-0.0020258588379999942,97.75414556999931
42,2018-04-30,-4.2000000000000455,0.46999999999999886,-0.013585683986999886,-101.53909892999945
43,2018-05-01,-12.400000000000091,-1.3199999999999932,-0.0011952921109998904,296.8483975199997
44,2018-05-02,-1.2000000000000455,0.6800000000000068,-0.016071811821000148,-655.5416562800019
45,2018-05-03,7.100000000000136,0.5,-0.003313228080999764,-323.2847080599986
46,2018-05-04,2.0,1.289999999999992,-0.00045749500100011886,112.31055222000032
47,2018-05-07,-0.6000000000001364,1.0100000000000051,-0.003449158030999877,517.2199170599997
48,2018-05-09,-1.099999999999909,0.4099999999999966,0.0017448419209997734,-281.77784923999934
49,2018-05-10,9.299999999999955,0.21999999999999886,-0.0001404217329998847,-94.19260430000031
50,2018-05-11,-1.599999999999909,-0.6599999999999966,-0.0031495781560000324,-305.8988661000003
51,2018-05-14,-2.5,0.2599999999999909,0.0026161756820000104,844.5230054599997
52,2018-05-15,-27.90000000000009,0.3500000000000085,0.0017358245419998308,22.93722671999967
53,2018-05-16,1.2000000000000455,0.1799999999999926,-0.005901721402999716,-32.92832610000005
54,2018-05-17,-2.099999999999909,0.0,0.0038367441000000113,110.05071110000063
55,2018-05-18,1.8999999999998636,-0.20999999999999375,-0.003078507921000062,-38.0762312400002
56,2018-05-21,-0.3999999999998636,0.9599999999999937,-0.0035887338669999824,78.57497767000132
57,2018-05-22,6.5,-0.03999999999999204,-0.004301011653000231,-11.017218180000782
58,2018-05-23,-2.6000000000001364,-0.35999999999999943,0.00018975235899998388,-112.38356559000022
59,2018-05-24,15.0,-1.1300000000000097,-0.005685981539999663,-150.18108482000025
60,2018-05-25,-0.7999999999999545,-2.8299999999999983,0.0005321246509997213,27.512504500000432
61,2018-05-29,-4.900000000000091,-1.1499999999999915,-0.007161066457999965,-182.5019243200004
62,2018-05-30,2.400000000000091,1.4799999999999898,-0.0057809467800000736,28.307123049999063
63,2018-05-31,-1.7999999999999545,-1.1699999999999875,0.00294396445800027,7.77306303000114
64,2018-06-04,-7.400000000000091,-2.2900000000000063,0.006535606003999828,-604.5686404799999
65,2018-06-06,4.100000000000136,-0.01999999999999602,0.005741873825999999,744.4505222400003
66,2018-06-07,1.599999999999909,1.2199999999999989,0.0016257199259999133,-115.12315976000173
67,2018-06-08,-0.2999999999999545,-0.21000000000000796,-0.00029667992599979875,60.05322396000156
68,2018-06-11,0.5,0.35999999999999943,-0.0024196750000000655,-839.9535653999992
69,2018-06-12,-3.7999999999999545,0.2600000000000051,-0.002112718999999874,-478.0103080100016
70,2018-06-13,1.8999999999998636,0.28000000000000114,-2.8790175000237284e-05,1335.6013080100001
71,2018-06-14,7.0,0.25,0.0007896749130000824,90.93795828000111
72,2018-06-15,-29.799999999999955,-1.8299999999999983,-0.01216251370400001,-272.78597962000094
73,2018-06-18,1.599999999999909,0.789999999999992,0.0018590282710000405,10.682489880000503
74,2018-06-19,-1.5,-0.7800000000000011,-0.0029951131209999815,-48.927477249999356
75,2018-06-20,-4.099999999999909,1.1500000000000057,-0.007379571573999932,-33.92131425000116
76,2018-06-21,-4.0,-0.6799999999999926,-7.583624100004904e-05,-92.03459868000027
77,2018-06-22,0.20000000000004547,3.039999999999992,0.007165843373999836,221.5648815600016
78,2018-06-25,-1.7999999999999545,-0.5,0.001848347468000222,-217.48315840000214
79,2018-06-26,-9.0,2.450000000000003,0.0015992993209998918,49.32416112000101
80,2018-06-27,-3.800000000000182,2.230000000000004,-0.005722558531999988,67.47745335999934
81,2018-06-28,-5.099999999999909,0.6899999999999977,-0.010466962114000111,-84.63280366999788
82,2018-06-29,3.5,0.7000000000000028,-0.004286345813999892,-6.641140069999892
83,2018-07-02,-12.799999999999955,-0.21000000000000796,0.01298812692800011,-370.9023826800003
84,2018-07-03,11.799999999999955,0.20000000000000284,-0.0062806967720001605,-206.18266630000107
85,2018-07-06,2.2999999999999545,-0.3400000000000034,0.007938966860000063,781.3466913599987
86,2018-07-09,3.7999999999999545,0.04999999999999716,0.007540149912000027,-511.86368449999827
87,2018-07-11,-15.199999999999818,-3.469999999999999,-0.003860521542000006,-242.18500094000228
88,2018-07-12,2.199999999999818,-0.04999999999999716,-0.005405320665999858,-481.69542651999836
89,2018-07-13,-5.399999999999864,0.6800000000000068,-0.002796198611999978,1144.7713598400005
90,2018-07-16,-1.5,-2.950000000000003,0.0050233556229997145,-45.042136230000324
91,2018-07-17,-12.400000000000091,0.01999999999999602,0.0007705695410002988,40.90630047000013
92,2018-07-18,0.6000000000001364,0.6800000000000068,-0.013067827457000192,-33.89055804000054
93,2018-07-19,-3.900000000000091,0.6999999999999886,-0.0030612777390000012,-11.390375139999378
94,2018-07-20,7.099999999999909,-1.1999999999999886,-0.005534191630000018,-49.14608118000069
95,2018-07-23,3.300000000000182,-0.37000000000000455,0.011482595384000094,65.07832926999981
96,2018-07-24,0.1999999999998181,0.6299999999999955,-0.003195937255000114,35.762809220001145
97,2018-07-25,6.400000000000091,0.7800000000000011,0.004832717952000021,-28.678669970000556
98,2018-07-26,-5.7000000000000455,0.3100000000000023,0.004828415979000189,42.78114617999927
99,2018-07-27,-2.599999999999909,-0.9200000000000017,-0.009232267578000108,-19.61550191999777
100,2018-07-30,-1.2000000000000455,1.4399999999999977,5.409514799992188e-05,1.7765606099983415
101,2018-07-31,2.099999999999909,-1.3699999999999903,0.0029605298520001266,81.10585112999979
102,2018-08-01,-6.0,-1.1000000000000085,-0.001924071801999938,-79.24610903999928
103,2018-08-02,-17.0,1.2999999999999972,0.0010630294419999853,-686.7496053600007
104,2018-08-03,12.600000000000136,-0.46999999999999886,-0.011120837214000145,-35.06947140000011
105,2018-08-06,-14.600000000000136,0.5200000000000102,-0.0015075256349998956,610.861190040001
106,2018-08-08,12.400000000000091,-2.0700000000000074,-0.005774143525000053,80.03888797999934
107,2018-08-10,-2.0,0.6899999999999977,-0.011741037793999931,-788.9520583700014
108,2018-08-13,-20.09999999999991,-0.4299999999999926,-0.005654463896999973,471.6750277200008
109,2018-08-14,-5.900000000000091,-0.1599999999999966,-0.0006793333910002364,-36.341477249998206
110,2018-08-15,-8.0,-2.030000000000001,-0.004317420592000021,-178.9122302700016
111,2018-08-16,-1.0,0.44999999999998863,-0.0022825190480000312,56.35959747000015
112,2018-08-17,0.20000000000004547,0.45000000000000284,0.0016180586010001718,18.42139884000062
113,2018-08-20,10.399999999999864,0.5200000000000102,0.0043915191950001375,66.27079259999846
114,2018-08-21,5.400000000000091,0.9199999999999875,0.004127838659999661,10.633588560001954
115,2018-08-22,3.2999999999999545,0.5100000000000051,0.010582892700000013,87.66188924000016
116,2018-08-23,-9.299999999999955,-0.030000000000001137,0.0008475616290000154,-14.849674380000579
117,2018-08-24,19.299999999999955,0.8900000000000006,-0.010272768558999834,-52.86639871999978
118,2018-08-28,-5.899999999999864,-0.18999999999999773,0.008618761933000041,116.46578193999994
119,2018-08-29,4.099999999999909,0.980000000000004,-0.002663269703000015,-91.62641778999932
120,2018-08-30,-6.5,0.7399999999999949,0.016367416101999988,65.74744332999762
121,2018-08-31,1.7000000000000455,-0.45000000000000284,-0.0020878421120000823,-127.52251739999883
122,2018-09-04,-7.600000000000136,0.07000000000000739,-0.013947549273999993,-411.3909299200004
123,2018-09-05,2.2000000000000455,-1.1500000000000057,-0.001219969968000001,593.859539860001
124,2018-09-07,-0.8999999999998636,-0.9699999999999989,0.006853692450000004,84.2445782299983
125,2018-09-10,-0.6000000000001364,-0.20999999999999375,-4.36596819999302e-05,-578.6574728399974
126,2018-09-11,2.400000000000091,1.7099999999999937,0.010113356091999925,-102.66339613000127
127,2018-09-13,6.0,-0.6599999999999966,0.0019617351009999506,243.4216035999998
128,2018-09-14,-7.100000000000136,0.3999999999999915,0.006311140827000239,77.41025202000128
129,2018-09-17,4.7000000000000455,-0.0799999999999983,-0.0038909537940001737,-30.32808464000118
130,2018-09-18,-2.8999999999998636,0.9399999999999977,0.007415568686000018,50.88348053000118
131,2018-09-19,-0.7000000000000455,1.2700000000000102,0.0024473325439999805,56.84738238999853
132,2018-09-20,9.099999999999909,-0.3200000000000074,-0.003162474795000092,27.527572319999308
133,2018-09-21,-10.0,-0.01999999999999602,0.013317164822999938,258.70324016999984
134,2018-09-24,3.1000000000001364,1.2999999999999972,-0.0190067373099998,-184.25840996999978
135,2018-09-25,0.6999999999998181,0.20000000000000284,0.0031362273099999616,91.98575144000097
136,2018-09-26,-6.0,-0.710000000000008,0.006280017635999835,52.16952660000061
137,2018-09-27,-16.799999999999955,0.5500000000000114,-0.000185414377999793,39.37347511999906
138,2018-09-28,13.900000000000091,1.1299999999999955,-0.01020968513399989,-117.06939859999875
139,2018-10-01,-4.5,2.049999999999997,-0.004332898916000083,280.8943844000005
140,2018-10-04,9.899999999999864,-0.9699999999999989,-0.008479348749000026,-699.6498837500021
141,2018-10-05,4.0,0.010000000000005116,0.007942310595000057,626.2881450600016
142,2018-10-08,-21.199999999999818,-0.04999999999999716,0.009909928502999765,34.678581840000334
143,2018-10-09,7.099999999999909,0.6699999999999875,-0.003079151624999943,-533.7241905500014
144,2018-10-10,1.900000000000091,-1.789999999999992,0.005373310826000122,-129.20328637999955
145,2018-10-12,28.59999999999991,-1.8299999999999983,0.008775228693999937,-506.2779745800017
146,2018-10-15,4.400000000000091,0.4399999999999977,-0.013144503733000024,315.64710282000124
147,2018-10-16,4.599999999999909,0.14000000000000057,0.005234918778000086,75.44470973999887
148,2018-10-17,-3.599999999999909,-2.1700000000000017,0.002902541730999797,16.57082800000171
149,2018-10-18,2.699999999999818,-1.0999999999999943,-0.008599112283999899,-94.57933764000154
150,2018-10-19,-1.3999999999998636,0.46999999999999886,-0.007617741395999911,-26.655218159998185
151,2018-10-22,-4.100000000000136,0.04999999999999716,0.004616243615999993,19.87824659999933
152,2018-10-23,12.200000000000045,-2.739999999999995,-0.01032535208600005,-183.60244683999917
153,2018-10-24,-5.7000000000000455,0.38999999999998636,0.0018490225789999926,20.741836279998097
154,2018-10-25,1.300000000000182,0.5100000000000051,-0.010147205627999867,-11.773114839998016
155,2018-10-26,3.3999999999998636,0.2600000000000051,-0.006022655058000037,-127.34418988000107
156,2018-10-29,-8.200000000000045,-0.5499999999999972,0.0011565597039997488,115.77730055999928
157,2018-10-30,-2.2999999999999545,-0.8599999999999994,-0.003165041085999798,-7.880478179999045
158,2018-10-31,-10.299999999999955,-0.8700000000000045,-0.009386708854999926,51.41218990000016
159,2018-11-01,23.59999999999991,-1.6200000000000045,0.006294492769000071,853.8086463599993
160,2018-11-05,-6.2999999999999545,-0.5899999999999963,0.021077647348999973,133.39336809000088
161,2018-11-06,-6.0,-0.8900000000000006,0.00820844614799987,57.35723255999983
162,2018-11-07,2.400000000000091,-0.5399999999999991,0.004466531687999931,-148.61752209000042
163,2018-11-09,-20.100000000000136,-1.480000000000004,-0.00443242112199993,-450.80530733999876
164,2018-11-12,-7.2999999999999545,-0.259999999999998,-0.014875916767000064,-697.0421422800027
165,2018-11-13,-2.099999999999909,-4.240000000000002,-0.00617389479399999,262.54994738000096
166,2018-11-14,10.899999999999864,0.5600000000000023,0.016679331995000046,84.14127706000181
167,2018-11-15,4.900000000000091,0.21000000000000085,-0.0021755221879999898,-14.137076570001227
168,2018-11-16,8.0,0.0,-0.023354481631999935,-185.40953016999993
169,2018-11-19,2.2999999999999545,0.29999999999999716,0.007090227547999817,30.098251019999225
170,2018-11-20,-4.099999999999909,-3.3299999999999983,0.0020962223740002006,-49.51673101999768
171,2018-11-21,4.599999999999909,1.2000000000000028,-0.006869372111000027,81.82872959999804
172,2018-11-23,-2.599999999999909,-4.210000000000001,0.008745186125999949,-64.19152131999908
173,2018-11-26,5.5,1.2100000000000009,-0.005381180267000074,62.245649720000074
174,2018-11-27,-8.799999999999955,-0.07000000000000028,-0.0008283737279999315,-24.535554500000217
175,2018-11-28,9.899999999999864,-1.2700000000000031,-0.0073226221219997445,-63.83456406000005
176,2018-11-29,0.6000000000001364,1.1600000000000037,0.008796375999999828,100.47682490999978
177,2018-11-30,-4.400000000000091,-0.5200000000000031,-0.0048927529060001085,-102.98805954999989
178,2018-12-03,13.599999999999909,2.020000000000003,-0.0017101830939998397,277.47680967999986
179,2018-12-04,7.0,0.29999999999999716,-0.0035006241870001453,35.546647440000015
180,2018-12-06,-3.0,-1.759999999999998,0.0003307741870000047,568.2787583499994
181,2018-12-07,9.0,1.1199999999999974,0.004751845731999937,-27.849542459998702
182,2018-12-10,-3.199999999999818,-1.6099999999999994,-0.005480723707999902,-877.7875010800017
183,2018-12-11,-2.2000000000000455,0.6499999999999986,-0.016208998274999997,-39.97503680999944
184,2018-12-12,2.7999999999999545,-0.5,-0.006605125059000239,-264.1423354899998
185,2018-12-13,-2.599999999999909,1.4299999999999997,0.014084937450000279,89.96018857000126
186,2018-12-14,-6.0,-1.3799999999999955,0.0018052099289997958,-22.784589660001075
187,2018-12-17,10.399999999999864,-1.3200000000000003,-0.0069423662570000655,-138.0609374199994
188,2018-12-18,1.7999999999999545,-3.6400000000000006,0.0028591320920001717,-69.95698367000114
189,2018-12-19,2.800000000000182,0.9600000000000009,0.003957198096000036,107.7521976299995
190,2018-12-20,11.5,-1.3200000000000003,-0.002662022852999879,-86.57936489999884
191,2018-12-21,-9.800000000000182,-0.28999999999999915,0.004528975527999801,39.84328728000037
192,2018-12-24,13.700000000000045,-3.0600000000000023,-0.0021252967029998793,-58.50588920000155
193,2018-12-27,9.299999999999955,2.0799999999999983,-0.0007761679920001985,-128.2517660199992
194,2018-12-28,1.900000000000091,0.7199999999999989,0.000526301156000164,187.10974030000034
195,2018-12-31,-1.7000000000000455,0.0799999999999983,0.00608771546799991,24.479031200000463
196,2019-01-02,2.7999999999999545,1.1300000000000026,0.004509396705999924,413.3865338399992
197,2019-01-03,10.700000000000045,0.5500000000000043,-0.02253028042799987,-54.808828949999224
198,2019-01-04,-9.0,0.8699999999999974,0.010624014118000069,341.99682634999954
199,2019-01-07,4.100000000000136,0.5600000000000023,0.00954596353199988,307.05608821999886
200,2019-01-08,-4.0,1.259999999999998,0.005896786467999959,150.04678583000168
201,2019-01-10,1.5,2.8100000000000023,0.0008349555220001914,-277.11633638999956
202,2019-01-11,2.099999999999909,-1.0,-0.004653438102000029,-107.48945112000183
203,2019-01-14,-0.40000000000009095,-1.0800000000000054,0.01129092394699982,-504.88623863999965
204,2019-01-15,-0.6999999999998181,1.6000000000000014,0.0016162197010001211,68.73344028000065
205,2019-01-16,5.399999999999864,0.20000000000000284,-0.000970804002000003,-43.56609839999874
206,2019-01-17,-1.5,-0.240000000000002,0.0014345959699999522,-26.437652720000187
207,2019-01-18,-9.700000000000045,1.7299999999999969,0.010131101042999857,240.3450264999974
208,2019-01-22,0.8000000000001819,-1.2299999999999969,-0.009249253022999948,-150.5662820899979
209,2019-01-23,6.7999999999999545,0.04999999999999716,0.006346022943999996,-30.280307009999888
210,2019-01-24,-4.2999999999999545,0.5100000000000051,0.01216912410600024,53.840346959999806
211,2019-01-25,18.299999999999955,0.5599999999999952,-0.0005208412780002281,14.153858879999461
212,2019-01-28,5.099999999999909,-1.6999999999999957,0.013437626439000372,-22.926558379998824
213,2019-01-29,5.900000000000091,1.3200000000000003,-0.005058709401000394,81.66759524999907
214,2019-01-30,0.2999999999999545,0.9199999999999946,-0.007255744866000002,86.40308276999895
215,2019-01-31,9.700000000000045,-0.4399999999999977,0.003573016878000157,61.19457488000262
216,2019-02-01,-3.1000000000001364,1.4699999999999989,-0.0015631268330000836,-312.967101940003
217,2019-02-04,-2.7999999999999545,-0.6999999999999957,-0.0014043370599998717,837.4561507800008
218,2019-02-05,-0.09999999999990905,-0.9000000000000057,-0.005771565134999879,-86.14168312999936
219,2019-02-07,-5.0,-1.019999999999996,-0.009796563916000034,197.88953804999983
220,2019-02-08,4.2999999999999545,0.0799999999999983,0.0013971000060000183,-185.86103633999846
221,2019-02-12,-4.5,0.38000000000000256,-0.008710410018000214,-218.85826832000203
222,2019-02-13,-3.2000000000000455,0.7999999999999972,0.003635708078000066,-102.18119097999988
223,2019-02-14,3.1000000000001364,0.509999999999998,-0.00454650988899985,-17.451031939999666
224,2019-02-15,8.199999999999818,1.1800000000000068,-0.0054654911110001425,8.726161700000375
225,2019-02-19,22.700000000000045,0.5,0.012369072840999973,16.645977710000807
226,2019-02-20,3.1000000000001364,0.8299999999999983,0.013826908124999981,163.1151070299984
227,2019-02-21,-20.100000000000136,0.03999999999999915,-0.0011867980410000811,-91.57840553999995
228,2019-02-22,5.0,0.29999999999999716,-0.0010069560209999828,11.938783120000153
229,2019-02-25,-3.2999999999999545,-1.7800000000000011,0.0025309240960000867,24.08792012000049
230,2019-02-26,-1.0,0.020000000000003126,0.005604845000000136,1.4095238800000516
231,2019-02-27,-10.799999999999955,1.4399999999999977,0.01376994471199966,35.36459079999986
232,2019-02-28,-1.6000000000001364,0.28000000000000114,0.005744385476000202,-0.45187408000128926
233,2019-03-01,-16.899999999999864,-1.4200000000000017,-0.0050735280670000105,-544.5553367799985
234,2019-03-04,-11.700000000000045,0.7900000000000063,-0.003315672949000037,943.8922288199992
235,2019-03-05,-2.7999999999999545,-0.030000000000001137,-0.005206141755999871,-95.03353364000031
236,2019-03-06,2.8999999999998636,-0.3400000000000034,-0.001886932144000264,-273.78711951999867
237,2019-03-07,-1.5,0.4399999999999977,0.0012481055160000754,577.9311453599985
238,2019-03-12,10.200000000000045,0.21000000000000085,0.006803161541000025,-546.4307707199987
239,2019-03-13,13.0,1.3900000000000006,-0.016714399279999848,-129.56290941000043
240,2019-03-14,-15.899999999999864,0.3500000000000014,0.022849288977000004,191.58345261000068
241,2019-03-15,9.5,-0.0899999999999963,-0.004968912182000018,37.31881515999885
242,2019-03-18,-1.400000000000091,0.5700000000000003,0.0048467146590001065,122.19855063999967
243,2019-03-19,5.0,-0.060000000000002274,-0.004058526076000213,8.967533959999855
244,2019-03-20,-6.0,1.1999999999999957,0.0007622874249999523,-38.626252599999134
245,2019-03-21,13.099999999999909,-0.25,-0.006738002321999836,36.73856883000008
246,2019-03-22,5.100000000000136,-0.9399999999999977,-0.007558582515999834,-247.69174935000046
247,2019-03-25,10.299999999999955,-0.21999999999999886,0.008685061362999624,13.869084019999718
248,2019-03-26,-7.599999999999909,1.1199999999999974,-0.0005387403949999037,30.991816220001056
249,2019-03-27,-4.5,-0.5300000000000011,0.0005259678260001177,-5.537777760000608
250,2019-03-28,-21.600000000000136,-0.10999999999999943,-0.006573406392999859,10.53626574000009
251,2019-03-29,3.2000000000000455,0.8400000000000034,-0.008922467967000136,-11.00095803000113
252,2019-04-01,-4.2999999999999545,1.4500000000000028,-0.0012025026419999474,-599.8130815299992
253,2019-04-02,1.2000000000000455,0.9899999999999949,0.0026311850979998663,288.61428333000003
254,2019-04-03,-0.10000000000013642,-0.11999999999999744,0.005498931095999859,172.8942942600006
255,2019-04-04,-1.0,-0.35999999999999943,0.004861609048000037,387.72237504999794
256,2019-04-09,14.0,1.8799999999999955,-0.011546383803999971,-202.55198881999786
257,2019-04-10,5.600000000000136,0.6300000000000026,-6.587836800009406e-05,-208.0250589999996
258,2019-04-11,-20.600000000000136,-1.0300000000000011,0.003562637198000207,310.83356764999735
259,2019-04-12,1.900000000000091,0.3100000000000023,-0.0032569924770000647,-268.45067500999903
260,2019-04-15,-3.900000000000091,-0.490000000000002,0.0017815833209999798,344.98405169000034
261,2019-04-16,-14.099999999999909,0.6499999999999986,0.002146792106999973,57.33045947000028
262,2019-04-17,-0.40000000000009095,-0.28999999999999915,-0.005598415097999965,-40.318805240000074
263,2019-04-18,-0.7999999999999545,0.240000000000002,-0.0006388215179997658,-20.12451499999952
264,2019-04-23,-2.7999999999999545,2.299999999999997,-0.005583226863000279,38.84453722999933
265,2019-04-24,6.2000000000000455,-0.4099999999999966,-0.004567395885999748,-98.995894149999
266,2019-04-25,0.2999999999999545,-0.6800000000000068,-0.003159519660000276,-73.37682142999984
267,2019-04-26,9.099999999999909,-1.9099999999999966,-0.0008196004939999835,-14.217168240002138
268,2019-04-29,-7.2999999999999545,0.20000000000000284,0.002215915540000113,34.058033850000356
269,2019-04-30,1.2999999999999545,0.4099999999999966,0.0011000266299998618,-19.9427677199983
270,2019-05-02,-10.799999999999955,-2.0999999999999943,0.01232981360200025,-224.84672065000086
271,2019-05-03,9.299999999999955,0.12999999999999545,-0.0021268912780001425,-6.392012349999277
272,2019-05-06,2.5,0.3100000000000023,0.013459164916000077,132.72181939999973
273,2019-05-07,1.7999999999999545,-0.8500000000000014,-0.007055854097999914,399.0329531999996
274,2019-05-08,-4.199999999999818,0.7199999999999989,-0.0026628777300001794,-453.35759135999797
275,2019-05-09,3.7999999999999545,-0.4199999999999946,-0.005484001087999957,20.541410639998503
276,2019-05-13,16.59999999999991,-0.6600000000000037,-0.000719846301999949,-140.83329978000074
277,2019-05-14,-5.5,0.740000000000002,-0.0048223783759999694,66.93809104000138
278,2019-05-15,1.5,0.240000000000002,-0.0052638759910002,30.486561599998822
279,2019-05-16,-11.599999999999909,0.8499999999999943,-0.005947566573999863,29.58438032000049
280,2019-05-17,-10.5,-0.10999999999999943,-0.004907422042999876,-42.88591350000024
281,2019-05-20,1.599999999999909,0.3400000000000034,-0.007116532942000209,-96.66002873999969
282,2019-05-21,-4.099999999999909,-0.10999999999999943,0.0004666239680000128,21.179477760000736
284,2019-05-23,17.799999999999955,-5.080000000000005,-0.006650062867000095,-171.5654624000017
285,2019-05-24,-1.7999999999999545,0.720000000000006,-0.00014031046699991556,59.478294079999614
286,2019-05-28,-6.7000000000000455,0.509999999999998,0.0015644046230001152,1.7246807300016371
287,2019-05-29,3.7999999999999545,-0.3299999999999983,-0.0020989609619999072,-122.35504235000008
288,2019-05-30,0.7999999999999545,-2.219999999999999,-0.0029753890950001693,19.786396099998456
289,2019-05-31,24.0,-3.0900000000000034,-0.001882925552000092,-85.43762249999963
290,2019-06-03,16.800000000000182,-0.25,0.002639907832000077,64.68993730000147
291,2019-06-06,14.799999999999955,-0.6599999999999966,0.005008031021999981,116.32735529999991
292,2019-06-11,-11.5,0.6799999999999997,0.0004882885740000731,175.48811009999736
293,2019-06-12,5.599999999999909,-2.1300000000000026,0.003508134387999906,-175.15217201999803
294,2019-06-13,6.900000000000091,1.1400000000000006,-0.003286191888999923,141.1806915599991
295,2019-06-14,0.7999999999999545,0.22999999999999687,-0.0012249653659999193,-38.74226626000018
296,2019-06-17,-1.599999999999909,-0.5799999999999983,-0.008885812980000019,-47.196009439998306
297,2019-06-18,7.7999999999999545,1.9699999999999989,-0.005065594738000279,67.4212829199987
298,2019-06-19,-1.900000000000091,-0.14000000000000057,0.0026020950730001324,-30.985811759997887
299,2019-06-20,48.100000000000136,2.8900000000000006,0.008647711288000126,93.10642731999724
300,2019-06-21,3.199999999999818,0.7800000000000011,0.005305561375999801,16.560143780001454
301,2019-06-24,18.100000000000136,0.46999999999999886,0.0038557456260002176,43.52585453000029
302,2019-06-25,0.5,-0.07000000000000028,-0.0006494026259999952,-1.0015446500001417
303,2019-06-26,-7.100000000000136,1.5500000000000043,-0.00498612336000015,-44.02023285999894
304,2019-06-27,0.40000000000009095,0.04999999999999716,0.0007622397270001802,-12.121094990001438
305,2019-06-28,-2.2999999999999545,-0.9600000000000009,-0.0022167342170000826,14.045451710000634
306,2019-07-01,-24.100000000000136,0.6200000000000045,0.00166234236500018,-767.7287217199992
307,2019-07-02,22.40000000000009,-2.8400000000000034,-0.004589389973000069,323.4634944399986
308,2019-07-03,12.900000000000091,1.0900000000000034,-0.004621584067000084,47.71238989000085
309,2019-07-05,-20.800000000000182,0.1699999999999946,-0.0016621300229999747,118.61095949999981
310,2019-07-08,-0.09999999999990905,0.14999999999999858,-0.005757863841000077,-119.13962094999988
311,2019-07-10,12.5,2.770000000000003,-0.006540055069000017,-49.20970136000142
312,2019-07-11,-5.7999999999999545,-0.22999999999999687,0.004898399830999933,296.4975302900002
313,2019-07-15,6.7999999999999545,-0.6200000000000045,0.006380537627000082,204.82187750999947
314,2019-07-16,-2.2999999999999545,-1.9600000000000009,-0.005335971815999985,16.27559396000106
315,2019-07-17,10.099999999999909,-0.8399999999999963,-0.01078192521400001,-132.0958244199992
316,2019-07-18,6.7999999999999545,-1.480000000000004,0.0021555859540001165,-35.58794990000206
317,2019-07-19,-1.3999999999998636,0.3300000000000054,0.010886744552000005,99.85880972000086
318,2019-07-22,0.20000000000004547,0.5899999999999963,-0.0036073170050001657,-14.002263009999297
319,2019-07-23,-5.2000000000000455,0.5500000000000043,-0.003176561388999799,23.795569349998914
320,2019-07-24,14.799999999999955,-0.8900000000000006,-0.00358420161500006,-95.99612323999827
321,2019-07-25,-9.0,0.14000000000000057,0.004656135440999742,19.686783449998984
322,2019-07-26,4.7000000000000455,0.17999999999999972,-0.003140838368999921,50.39374094999948
323,2019-07-29,1.099999999999909,0.6699999999999946,-0.007392027579000038,112.30247299999974
324,2019-07-30,8.5,1.1799999999999997,-0.01616986296599987,-171.06829150999874
325,2019-07-31,-4.0,0.5300000000000011,-0.00535779751800014,-115.67994239000109
326,2019-08-01,-5.399999999999864,-4.6299999999999955,-0.0010312112919996785,-887.3075415999992
327,2019-08-02,25.09999999999991,1.7099999999999937,-0.0027355421840002947,233.87994419999995
328,2019-08-05,7.099999999999909,-0.9699999999999989,0.002225467712000162,262.51022659999944
329,2019-08-07,42.700000000000045,-3.5999999999999943,0.0018708443269999098,351.44431498000085
330,2019-08-08,2.2000000000000455,1.4499999999999957,-0.002498813142999934,-339.7856478800004
331,2019-08-13,4.599999999999909,4.560000000000002,-0.006344949866000205,-89.2988236000001
332,2019-08-14,13.700000000000045,-1.8700000000000045,-0.0017389962369998013,-134.84974365999915
333,2019-08-15,3.400000000000091,-0.759999999999998,-7.489771300006609e-05,-100.23435344000063
334,2019-08-16,-7.600000000000136,0.3999999999999986,0.0029373519199999976,82.68347074999838
335,2019-08-19,-12.0,1.3400000000000034,0.00680839811599987,137.56034350000118
336,2019-08-20,4.100000000000136,0.13000000000000256,-0.0031532343359998993,-99.63967964999938
337,2019-08-21,0.0,-0.6600000000000037,0.0037138380719998754,118.01237398000012
338,2019-08-22,-18.40000000000009,-0.3299999999999983,-0.003243927857999873,-113.63419665999936
339,2019-08-23,40.299999999999955,-1.1799999999999997,0.012362143910000123,44.61949387999812
340,2019-08-27,14.200000000000045,0.759999999999998,-0.003319814187999981,-27.849318099999437
341,2019-08-28,-2.7000000000000455,0.8500000000000014,0.006225668241999882,74.2913591000015
342,2019-08-29,-12.199999999999818,0.9299999999999997,-0.006428848212000071,39.03517343999738
343,2019-08-30,-7.7000000000000455,-1.5500000000000043,-0.003593009844000017,4.854146360001323
344,2019-09-04,31.200000000000045,1.1000000000000014,-0.009276623299999898,194.81094807999943
345,2019-09-05,-34.90000000000009,0.03999999999999915,0.015414332398000052,-149.5564201799989
346,2019-09-09,-14.400000000000091,1.5500000000000043,0.0038040090469999566,59.49716714999886
347,2019-09-10,-11.899999999999864,-0.45000000000000284,0.006167110565999945,-40.47219154999948
348,2019-09-12,8.200000000000045,-2.309999999999995,-0.0009647485349999485,75.49645640000017
349,2019-09-13,-16.5,-0.240000000000002,-0.0006060880499998422,160.82289803999993
350,2019-09-16,12.199999999999818,8.049999999999997,0.01693233589199994,66.18623999999909
351,2019-09-17,10.300000000000182,-3.559999999999995,-0.007453082857000082,-51.62658334000116
352,2019-09-18,2.3999999999998636,-1.230000000000004,0.0077832987720001245,46.31961570000203
353,2019-09-19,-9.599999999999909,0.020000000000003126,-0.0029823078349999754,29.344949380001708
354,2019-09-20,1.099999999999909,-0.03999999999999915,0.005221293887999856,25.69603791999907
355,2019-09-23,24.200000000000045,0.5499999999999972,-0.005175323793999764,-62.50600508000207
356,2019-09-24,0.599999999999909,-1.3500000000000014,-0.003919300094000322,-70.47063743999934
357,2019-09-25,-19.799999999999955,-0.7999999999999972,0.005234277972000045,35.67268196999976
358,2019-09-26,2.900000000000091,-0.0800000000000054,-0.012757175948999722,-16.633631569999125
359,2019-09-27,-8.799999999999955,-0.5,-0.0030156719810001675,72.37588710000091
360,2019-09-30,-33.5,-1.8399999999999963,-0.0035602182270000338,-50.94882701000097
361,2019-10-01,16.09999999999991,-0.45000000000000284,-0.000273304015000031,-574.2582054400009
362,2019-10-04,17.200000000000045,-0.8099999999999952,0.005229710524000009,627.5859579000007
363,2019-10-07,-1.7999999999999545,-0.060000000000002274,-0.0009705450819998962,128.2955592599992
364,2019-10-09,8.399999999999864,-0.1599999999999966,-0.011277336156000128,-407.5466940899987
365,2019-10-10,-11.899999999999864,0.9599999999999937,-0.0005366971019999944,-104.41364220000105
366,2019-10-14,-3.300000000000182,0.04000000000000625,0.04134428843600002,325.9510870000013
367,2019-10-15,-14.099999999999909,-0.7800000000000011,-0.0018562177549998893,-7.498054719999345
368,2019-10-16,10.5,0.5499999999999972,0.014957697284999849,51.608448519999
369,2019-10-17,4.2999999999999545,0.5700000000000003,0.0063181339339999365,63.70057280000037
370,2019-10-18,-10.099999999999909,-0.14999999999999858,0.004877608144000067,-8.681011400001807
371,2019-10-21,-0.10000000000013642,-0.46999999999999886,0.0025473460350000643,39.47785352000028
372,2019-10-22,-0.599999999999909,0.8499999999999943,0.007386799233000119,114.55086460000166
373,2019-10-23,8.200000000000045,1.8100000000000023,-0.008574303276000173,-0.5147353400006978
374,2019-10-24,9.0,0.259999999999998,0.0035713188470001267,115.17686001999937
375,2019-10-25,-5.2000000000000455,0.4299999999999997,-0.008061914663000103,-65.6561123099982
376,2019-10-28,-3.7000000000000455,-0.8499999999999943,-0.0011888492819998042,2.703249149999465
377,2019-10-29,-5.099999999999909,-0.2700000000000031,0.0031374290519998738,-13.540532400000302
378,2019-10-30,2.5,-0.4799999999999969,0.0006465754389999301,38.3147451599998
379,2019-10-31,21.59999999999991,-0.8800000000000026,0.00364640215300005,-80.63053285999922
380,2019-11-01,-6.7999999999999545,2.020000000000003,0.0031730102739999655,-399.8021405800009
381,2019-11-04,3.099999999999909,0.3399999999999963,0.000388736406000012,645.1923807899984
382,2019-11-06,-18.0,-0.18999999999999773,-0.005569396685999983,-67.39210604999789
383,2019-11-07,-28.899999999999864,0.7999999999999972,-0.002413934790000072,125.54805406000014
384,2019-11-11,-7.100000000000136,-0.28999999999999915,-0.007941555089999941,-277.31743235999966
385,2019-11-12,-5.0,-0.060000000000002274,0.011016154667999878,-98.92837685000086
386,2019-11-13,11.200000000000045,0.3200000000000003,-0.003622681536999961,168.92081139999937
387,2019-11-14,10.100000000000136,-0.3499999999999943,0.0002510771349999441,-73.91751134999868
388,2019-11-15,-6.100000000000136,0.9499999999999957,0.0022708896920000665,33.518794519999574
389,2019-11-18,4.600000000000136,-0.6700000000000017,0.0008843369300002291,34.960603779998564
390,2019-11-19,1.3999999999998636,-1.8399999999999963,0.006406030772999838,42.49627590000091
391,2019-11-20,-3.2999999999999545,1.8999999999999986,0.0020079605629998998,-94.90707750000001
392,2019-11-21,0.5,1.4699999999999989,-0.004268462909999826,-32.70495209999899
393,2019-11-22,-1.7000000000000455,-0.8099999999999952,-0.0008841916740001121,108.83375849999902
394,2019-11-25,-5.0,0.23999999999999488,-0.008526788183000011,40.633910730000935
395,2019-11-26,3.6000000000001364,0.3999999999999986,0.006373820654000051,41.20817073000035
396,2019-11-27,-14.0,-0.29999999999999716,-0.0037905357909999715,7.365856619999249
397,2019-11-29,19.299999999999955,-2.9399999999999977,0.005307560385999777,-68.87981281000066
398,2019-12-02,-3.5,0.7899999999999991,0.002321150665000271,-275.5481597100006
399,2019-12-03,9.0,0.14000000000000057,0.0005064159949998981,43.093404990000636
400,2019-12-04,2.0,2.3299999999999983,0.006743615163999905,412.51809847000004
401,2019-12-06,-21.100000000000136,0.7700000000000031,0.012387799836000024,28.059747499999503
402,2019-12-09,5.800000000000182,-0.17999999999999972,0.0003390108380001422,-44.03590922999865
403,2019-12-11,10.099999999999909,-0.2600000000000051,-0.003872268874000051,21.19230256999799
404,2019-12-12,-2.7000000000000455,0.4200000000000017,0.010227312342000028,-70.71972705999906
405,2019-12-13,3.2999999999999545,0.8900000000000006,0.02745125093199996,307.90580817999944
406,2019-12-16,4.900000000000091,0.14000000000000057,-0.013619446829999937,131.43153647000145
407,2019-12-17,0.09999999999990905,0.7299999999999969,-0.004521502553999968,-52.49270047000209
408,2019-12-18,-1.8999999999998636,-0.00999999999999801,-0.01994045934200006,-92.81251763
409,2019-12-19,-0.5,0.25,-0.0005907683610000269,16.99261353000111
410,2019-12-20,-3.5,-0.740000000000002,-0.0036826319170000232,-41.63002966000022
411,2019-12-23,14.0,0.0800000000000054,-0.004720472040000034,44.351140660000965
412,2019-12-24,10.399999999999864,0.5899999999999963,-0.00602344224300011,-34.879570260001856
413,2019-12-27,19.0,0.6099999999999994,0.008606525328000103,60.14010738000252
414,2019-12-30,0.5,-0.03999999999999915,0.005725460971000018,-7.1543593000005785
415,2019-12-31,0.900000000000091,-0.6199999999999974,0.007341124637999963,-42.48096428000099
416,2020-01-06,49.299999999999955,2.210000000000001,-0.008263311837999998,-1824.6851751200002
417,2020-01-07,5.5,-0.5700000000000003,0.009986695964000036,44.3127696800002
418,2020-01-09,-20.0,-3.1400000000000006,-0.0025642173609998764,-427.75906222999856
419,2020-01-10,3.2000000000000455,-0.5200000000000031,-0.006513440779000179,2.260127899998224
420,2020-01-13,-6.900000000000091,-0.9600000000000009,-0.002032401407999762,2253.086249250001
421,2020-01-14,-6.0,0.14999999999999858,-0.0075009761120001794,-37.5861041499993
422,2020-01-15,9.400000000000091,-0.4199999999999946,0.0031263843650000123,52.806223749999845
423,2020-01-16,-3.5,0.7100000000000009,0.00562709718300014,-28.746201389998532
424,2020-01-17,8.299999999999955,0.01999999999999602,0.0001253591169998458,113.23678386999927
425,2020-01-21,-2.3999999999998636,-0.19999999999999574,-0.003614238632999811,-139.18542958000216
426,2020-01-22,0.2999999999999545,-1.6000000000000014,0.0072057571109998,-18.30802145999951
427,2020-01-23,14.899999999999864,-1.1499999999999986,0.006243163603000035,-11.211836589998711
428,2020-01-24,-0.5,-1.4000000000000057,-0.0055861766539999635,84.1005489099989
429,2020-01-27,12.600000000000136,-1.0499999999999972,-0.004597631632000221,-271.25877905999914
430,2020-01-28,-7.900000000000091,0.3399999999999963,-0.0014630303539997502,88.38461517999895
431,2020-01-29,0.20000000000004547,-0.14999999999999858,-0.0034340753830002235,-22.850260359999083
432,2020-01-30,13.200000000000045,-1.1899999999999977,-0.0005919078229998931,-134.21757199999956
433,2020-01-31,-6.2999999999999545,-0.5799999999999983,0.006771299468999903,-76.14458692000153
434,2020-02-03,-0.5,-1.4500000000000028,0.011824910058000127,-764.4087572600001
435,2020-02-04,-26.90000000000009,-0.5,-0.020774133363000047,-1649.344747179999
436,2020-02-06,14.5,1.3400000000000034,4.650671700012765e-05,961.4980554000003
437,2020-02-07,-1.400000000000091,-0.6300000000000026,-0.007129950117000128,-15.46155096000075
438,2020-02-10,10.900000000000091,-0.75,-0.0044499613949999794,-460.17627403999995
439,2020-02-11,-13.900000000000091,0.36999999999999744,0.003565083532000024,-303.5449046499998
440,2020-02-12,6.0,1.230000000000004,0.0038076778289999336,1069.1097235300003
441,2020-02-13,7.2000000000000455,0.25,-9.82341459998537e-05,1281.682550839998
442,2020-02-14,3.900000000000091,0.6299999999999955,0.009960214806000067,10.545961980000357
443,2020-02-18,17.299999999999955,0.07000000000000028,-0.005006730042000029,-63.3165016799976
444,2020-02-19,11.799999999999955,1.1700000000000017,0.00012852817199981992,92.5319564399997
445,2020-02-20,8.700000000000045,0.490000000000002,-0.009014843344000045,-81.49989342000117
446,2020-02-21,24.09999999999991,-0.3999999999999986,-0.0032880693839998365,-75.59666224000102
447,2020-02-24,32.0,-1.9500000000000028,0.007361679801999976,-267.93456865999906
448,2020-02-25,-26.59999999999991,-1.5300000000000011,3.77291059998619e-05,-199.02415205999932
449,2020-02-26,-6.900000000000091,-1.1700000000000017,0.004596294166000048,85.87967228999878
450,2020-02-27,-0.599999999999909,-1.6399999999999935,-0.004942136020000154,-385.55967772999975
451,2020-02-28,-78.40000000000009,-2.3300000000000054,-0.006512814325999816,-290.34313547999955
452,2020-03-02,28.200000000000045,1.990000000000002,-0.0073307992799998,901.1462644300009
453,2020-03-03,49.799999999999955,0.4299999999999997,-0.0047834757160001296,-805.6151355500006
454,2020-03-04,0.900000000000091,-0.3999999999999986,0.013839149715999977,-1634.1008110000002
455,2020-03-06,29.40000000000009,-5.5,0.013379432020000026,1322.5290518800011
456,2020-03-09,3.2999999999999545,-10.150000000000002,0.0011675372839998754,-601.4437649400015
457,2020-03-11,-33.40000000000009,1.8499999999999979,-0.01455002788799975,-193.65314849999868
458,2020-03-12,-52.0,-1.4799999999999969,-0.008957655540000165,848.8063412299998
459,2020-03-13,-73.59999999999991,0.23000000000000043,-0.024100665055999837,-1574.0353250300013
460,2020-03-16,-30.200000000000045,-3.030000000000001,-0.03041354154100029,-358.0568206799999
461,2020-03-17,38.40000000000009,-1.75,-0.000392125932999976,107.785682740001
462,2020-03-18,-47.0,-6.579999999999998,-0.005071255344999859,-336.5566630000003
463,2020-03-19,1.3999999999998636,4.849999999999998,-0.05922173658500007,-169.5794759600003
464,2020-03-20,4.7000000000000455,-2.789999999999999,0.0036506201290000817,-22.43680731999939
465,2020-03-23,88.70000000000005,0.9299999999999997,-0.0015494476770001597,-162.06664986000033
466,2020-03-24,87.5,0.6500000000000021,0.01321833891300006,510.52980298999955
467,2020-03-25,-25.90000000000009,0.4799999999999969,0.0011390975450000784,392.6000672499995
468,2020-03-26,26.0,-1.889999999999997,0.013031367019000095,184.76066615000036
469,2020-03-27,-36.399999999999864,-1.0899999999999999,0.05057890815499988,-169.35910815999978
470,2020-03-30,19.299999999999955,-1.4200000000000017,0.00291232363299998,205.68138227000054
471,2020-03-31,-59.799999999999955,0.39000000000000057,-0.005269897811999824,88.51358837999942
472,2020-04-02,54.299999999999955,4.84,-0.002185055897000021,2195.1156759000005
473,2020-04-03,-4.0,3.0199999999999996,0.0006755361499999335,-764.3706702899999
474,2020-04-06,43.299999999999955,-2.2600000000000016,-0.016574717574000086,-698.5485840100009
475,2020-04-08,7.2999999999999545,-0.9899999999999984,-0.002228720134999973,-301.7199310399992
476,2020-04-09,51.90000000000009,-2.3299999999999983,0.034029156979999975,-260.7575781199994
477,2020-04-14,32.700000000000045,-2.650000000000002,-0.012208408329000164,66.14405356999941
478,2020-04-15,-28.700000000000045,-0.23999999999999844,0.027859389414000235,-185.2692585500008
479,2020-04-16,-8.5,-0.120000000000001,-0.025335104165999933,-20.398111189998417
480,2020-04-17,-42.5,-1.4800000000000004,0.0042578110400000035,179.31116500999997
481,2020-04-20,22.0,-55.900000000000006,0.0006505124019999808,32.125792609998825
482,2020-04-21,-23.40000000000009,46.690000000000005,-0.005126003186000094,-239.7790310500004
483,2020-04-22,50.5,4.719999999999999,-0.0027306077439999132,78.0745381500019
484,2020-04-23,7.100000000000136,2.7200000000000006,-0.0070766509140001155,83.59476868999809
485,2020-04-24,-21.90000000000009,0.4400000000000013,0.0013379273329998664,-75.37500159999945
486,2020-04-27,0.2999999999999545,-4.160000000000002,0.0014853818939999375,125.198771880001
487,2020-04-28,-1.599999999999909,-0.4399999999999995,0.012600039697000298,171.55659809999906
488,2020-04-29,-18.799999999999955,2.7200000000000006,-0.006173117384000282,202.66294675000063
489,2020-04-30,-9.200000000000045,3.7799999999999994,0.0041421333740001565,-245.03451838
490,2020-05-05,16.399999999999864,5.719999999999999,-0.000818586447999925,-79.7514397699997
491,2020-05-06,-22.09999999999991,-0.5700000000000003,-0.005816195018000014,789.2676978999998
492,2020-05-08,21.40000000000009,0.75,-0.003593850934000109,-514.0338670400006
493,2020-05-11,-11.900000000000091,-0.5999999999999979,0.0032979267760000486,-221.2069734000006
494,2020-05-13,18.40000000000009,1.1499999999999986,-0.014948872611999953,-98.59753105999971
495,2020-05-14,24.5,2.2699999999999996,-0.0030956552019998362,-206.81933579999895
496,2020-05-15,12.5,1.870000000000001,0.0006874540939998397,66.85152136999932
497,2020-05-18,-19.0,2.3900000000000006,-0.014403601560000201,214.79428777000066
498,2020-05-19,11.199999999999818,0.6799999999999997,0.010899566409000139,12.55789884999831
499,2020-05-20,5.0,0.990000000000002,0.0011600748450000253,113.14235351000116
500,2020-05-21,-28.699999999999818,0.4299999999999997,-0.0015687547339999774,-75.07367244999932
501,2020-05-22,12.699999999999818,-0.6700000000000017,0.002941818738000146,-34.951446150001175
502,2020-05-26,-6.399999999999864,1.1000000000000014,-0.006420917440000062,77.64264152000123
503,2020-05-27,-1.400000000000091,-1.5399999999999991,0.01745345107899987,175.44618037999953
504,2020-05-28,1.5,0.8999999999999986,-0.009395380988999946,48.28933328000039
505,2020-05-29,8.600000000000136,1.7800000000000011,0.00415804262500008,-139.95738338000046
506,2020-06-01,13.399999999999864,-0.05000000000000426,0.006486541597999773,1866.7532185999999
507,2020-06-02,-16.299999999999955,1.3700000000000045,0.014159535167000303,17.231460159999187
508,2020-06-03,-29.200000000000045,0.4799999999999969,0.012860805907999984,-1240.42339731
509,2020-06-04,22.600000000000136,0.11999999999999744,-0.004195594354000187,-1110.9043163899987
510,2020-06-05,-44.40000000000009,2.1400000000000006,0.006220041965000034,361.1133818599992
511,2020-06-08,22.09999999999991,-1.3599999999999994,0.007871641011000019,288.6681293599995
512,2020-06-10,15.600000000000136,1.4100000000000037,-0.0003263120429999322,-106.55000765999921
513,2020-06-11,19.09999999999991,-3.259999999999998,-0.00025026835699981653,-51.12778065999919
514,2020-06-15,-12.599999999999909,0.779999999999994,-0.020899833260000333,74.15037583999947
515,2020-06-16,9.299999999999955,1.2600000000000051,0.015252836096000033,303.2942550500002
516,2020-06-17,-0.900000000000091,-0.4200000000000017,-0.011680684826000043,-19.698021500001232
517,2020-06-18,-4.5,0.8800000000000026,0.0015444920110001537,-56.88311371000054
518,2020-06-19,21.90000000000009,0.9099999999999966,-0.012210164880000152,6.812541360000978
519,2020-06-22,13.400000000000091,0.7100000000000009,-0.00911816216700001,-108.78162695999981
520,2020-06-23,15.599999999999909,-0.09000000000000341,0.01923664296000016,190.20422727999994
521,2020-06-24,-6.900000000000091,-2.3599999999999994,0.0028769315120000805,-231.2815743100009
522,2020-06-25,-4.5,0.7100000000000009,-0.014518415735000234,-39.44021810999857
523,2020-06-26,9.700000000000045,-0.22999999999999687,0.001104014315000068,22.793272199999592
524,2020-06-29,0.900000000000091,1.2100000000000009,-0.008948356190000117,30.74375358999987
525,2020-06-30,19.299999999999955,-0.4299999999999997,-0.0025598196659999406,-88.64955690999977
526,2020-07-01,-20.59999999999991,0.5499999999999972,0.00783978253100015,1788.1456437699999
527,2020-07-02,10.099999999999909,0.8299999999999983,0.008263250342999795,-76.36250965000181
528,2020-07-07,19.90000000000009,-0.030000000000001137,0.0022842179060000856,-1572.513773999999
529,2020-07-08,10.699999999999818,0.28000000000000114,0.002379228971000069,-168.52824489999875
530,2020-07-09,-16.799999999999955,-1.2800000000000011,0.009562257890999959,-76.89136560000043
531,2020-07-10,-1.8999999999998636,0.9299999999999997,-0.00047007459799996987,6.150276450001002
532,2020-07-13,12.199999999999818,-0.44999999999999574,0.0018736870010001017,303.6884574399983
533,2020-07-14,-0.6999999999998181,0.18999999999999773,-0.006767802075000162,-42.303853190000154
534,2020-07-15,0.3999999999998636,0.9100000000000037,-0.00012133855199980559,152.72802635000062
535,2020-07-16,-13.5,-0.45000000000000284,0.007308687761999888,-39.17049284999939
536,2020-07-17,9.700000000000045,-0.1599999999999966,-0.0033323577300001794,30.058505999999397
537,2020-07-20,7.400000000000091,0.21999999999999886,-0.0029632758480000465,-28.8327856399992
538,2020-07-21,26.5,1.1499999999999986,0.005301643653000232,67.10588338999878
539,2020-07-22,21.199999999999818,-0.060000000000002274,0.01077212520900006,-36.47155024999938
540,2020-07-23,24.90000000000009,-0.8299999999999983,-3.83336189999639e-05,5.015807419999874
541,2020-07-24,7.5,0.21999999999999886,0.004338794036999882,-111.03749342000083
542,2020-07-27,57.90000000000009,0.3100000000000023,0.0015340229680000927,15.667357580000498
543,2020-07-28,8.5,-0.5600000000000023,0.00617368956599984,88.7134044200011
544,2020-07-29,12.799999999999955,0.23000000000000398,0.007428759158000231,23.676577539999016
545,2020-07-30,-9.900000000000091,-1.3500000000000014,0.009311543352999774,-147.6589285
546,2020-07-31,19.100000000000136,0.3500000000000014,0.00925564226300013,-39.8874559399992
547,2020-08-04,35.09999999999991,1.4299999999999997,-0.006109260374999925,-310.84333331000107
548,2020-08-06,48.40000000000009,0.25,0.011619940860999822,1070.6896729100008
549,2020-08-07,-41.40000000000009,-0.730000000000004,0.0010412661659999767,-408.46412088000125
550,2020-08-10,11.700000000000045,0.7199999999999989,-0.012427650843999771,-285.2891575099993
551,2020-08-12,-90.70000000000005,0.730000000000004,0.0004906819559997722,757.0592898699997
552,2020-08-13,21.40000000000009,-0.4299999999999997,-0.0009038982719997701,-488.73610543999894
553,2020-08-14,-20.600000000000136,-0.23000000000000398,0.0023331238799999543,-111.00429512000028
554,2020-08-17,48.90000000000009,0.8800000000000026,0.0031608882449998266,71.23055587999897
555,2020-08-18,14.399999999999864,-0.3400000000000034,0.0003177389569999356,-66.07503143999838
556,2020-08-19,-42.799999999999955,0.38000000000000256,0.014877479826000073,135.65160345999902
557,2020-08-20,-23.799999999999955,-0.3500000000000014,-0.010491077187999798,-216.84237281999958
558,2020-08-21,0.5,-0.23999999999999488,0.010288630476999794,50.73283705999984
559,2020-08-24,-7.7999999999999545,0.27999999999999403,-0.015156074161999822,58.922388689999025
560,2020-08-25,-16.100000000000136,0.730000000000004,-0.0027067216850003017,-102.41985556999953
561,2020-08-26,29.40000000000009,0.03999999999999915,0.008251781318000084,60.07676342000104
562,2020-08-27,-19.90000000000009,-0.3500000000000014,0.009978405869999873,-19.403160620000563
563,2020-08-28,42.30000000000018,-0.07000000000000028,-0.00543439754999997,-60.216850120000345
564,2020-09-01,4.0,-0.21000000000000085,0.01649869419600014,2282.86074018
565,2020-09-03,-41.100000000000136,-1.3900000000000006,0.0026379778279999044,-2189.438204369999
566,2020-09-04,-3.5,-1.5999999999999943,-0.008629649983999954,-216.40270737000083
567,2020-09-09,20.600000000000136,-1.720000000000006,-0.03366544211899969,49.06378265999956
568,2020-09-10,9.399999999999864,-0.75,0.0034844962549998026,23.400076889999582
569,2020-09-11,-16.399999999999864,0.030000000000001137,-0.014868756955999984,102.44020265000017
570,2020-09-14,15.799999999999955,-0.07000000000000028,-0.005500875229000224,-206.03260069999942
571,2020-09-15,2.5,1.0200000000000031,0.0043938219810002455,127.86419717999979
572,2020-09-16,4.2999999999999545,1.8799999999999955,0.00024637674799987686,-13.435742219999156
573,2020-09-17,-20.59999999999991,0.8100000000000023,0.015422394988000132,8.714645039999596
574,2020-09-18,12.199999999999818,0.14000000000000057,-0.0023041117980002745,-46.21855724999932
575,2020-09-21,-51.5,-1.7999999999999972,-0.004133602376999779,-287.92880871000034
576,2020-09-22,-3.0,0.28999999999999915,-0.011707708571999875,-32.883931579999626
577,2020-09-23,-39.19999999999982,0.3299999999999983,-0.007999283226000076,44.38141783999981
578,2020-09-24,8.5,0.38000000000000256,0.0012488614229999584,-112.94344364000153
579,2020-09-25,-10.600000000000136,-0.060000000000002274,0.0043437436740001445,48.42033569000159
580,2020-09-28,16.0,0.3500000000000014,-0.0036285959190001105,114.56412383999941
581,2020-09-29,20.90000000000009,-1.3100000000000023,0.008891546169000009,24.053271310000127
582,2020-09-30,-7.7000000000000455,0.9299999999999997,0.0016655786579999887,-44.49969809999948
583,2020-10-01,20.799999999999955,-1.5,0.005361051336000067,2254.0097351999984
584,2020-10-02,-8.700000000000045,-1.6700000000000017,0.0003357871679998681,-205.40013083999838
585,2020-10-06,1.2000000000000455,3.6200000000000045,0.009987289689999956,-1373.0778482200003
586,2020-10-07,-18.0,-0.7199999999999989,-0.014091550034999845,-370.285411060001
587,2020-10-08,4.2999999999999545,1.2399999999999949,0.003770280482999988,-37.00143844000013
588,2020-10-09,31.100000000000136,-0.5899999999999963,0.0052363775179997685,-47.31370331999915
589,2020-10-12,2.7000000000000455,-1.1700000000000017,0.006134557576000121,832.0304067199995
590,2020-10-13,-34.30000000000018,0.7700000000000031,0.0032950119140000567,-800.7287961899992
591,2020-10-14,12.700000000000045,0.8399999999999963,-0.016650465646000034,-122.71348662999935
592,2020-10-15,1.6000000000001364,-0.0799999999999983,0.01128660506000001,-87.6753619000001
593,2020-10-16,-2.5,-0.0799999999999983,-0.00742710973899996,47.992638759998954
594,2020-10-19,5.2999999999999545,-0.05000000000000426,-0.0013302901170000325,-29.949229730000297
595,2020-10-20,3.7000000000000455,0.6300000000000026,0.002363769560000062,18.228229990000727
596,2020-10-21,14.099999999999909,-1.4299999999999997,-0.002114364902000121,-142.85542774000078
597,2020-10-22,-24.90000000000009,0.6099999999999994,0.023500683773999942,114.80280270000003
598,2020-10-23,0.6000000000001364,-0.7899999999999991,-0.006748039529999916,66.39947670000038
599,2020-10-26,0.5,-1.2899999999999991,-0.00450109420999989,-102.83135873999981
600,2020-10-27,6.2000000000000455,1.009999999999998,0.00014459827999990793,-104.56196741000076
601,2020-10-28,-32.700000000000045,-2.1799999999999997,-0.005323607798000118,-181.28335844999947
602,2020-10-29,-11.200000000000045,-1.2199999999999989,-0.0009307281519999044,-24.80053179999959
603,2020-10-30,11.900000000000091,-0.38000000000000256,-0.005944189155000057,-38.139745889999176
604,2020-11-02,12.599999999999909,1.0200000000000031,0.00219839484100004,2481.8445794499985
605,2020-11-03,17.90000000000009,0.8499999999999943,-0.002229392377000039,-2099.57541976
606,2020-11-05,36.399999999999864,1.1300000000000026,0.006782461825000086,107.17341360000046
607,2020-11-06,4.900000000000091,-1.6499999999999986,0.01388492407599995,282.49010160000034
608,2020-11-09,-97.29999999999995,3.1499999999999986,0.0018305881419999892,-33.756620510001085
609,2020-11-11,7.199999999999818,1.1600000000000037,0.014030800118000064,512.9848659100016
610,2020-11-12,11.700000000000045,-0.3300000000000054,-0.007183652779999994,193.89914484999827
611,2020-11-13,12.900000000000091,-0.9899999999999949,-0.010076983769000014,-369.4070202899984
612,2020-11-16,1.599999999999909,1.2100000000000009,0.007859778253999972,201.13971911999943
613,2020-11-17,-2.7000000000000455,0.0899999999999963,0.0005624114989999374,-72.98267311000018
614,2020-11-18,-11.199999999999818,0.39000000000000057,0.005473903986000117,49.94418394999957
615,2020-11-19,-12.400000000000091,-0.0799999999999983,0.0009587374089998768,-69.14139216999865
616,2020-11-20,10.900000000000091,0.4099999999999966,0.0017240861560001708,18.089134049998393
617,2020-11-23,-28.300000000000182,0.9100000000000037,0.00014183834899972325,12.067920120001872
618,2020-11-24,-33.19999999999982,1.8499999999999943,0.004591052768000203,146.22795826999936
619,2020-11-25,0.2999999999999545,0.8000000000000043,0.004649312670999883,-32.898291760000575
620,2020-11-27,-23.100000000000136,-0.17999999999999972,-0.0023053014429998964,-36.98868027000026
621,2020-11-30,-7.199999999999818,-0.18999999999999773,-0.004661279143999941,-149.56933387000026
622,2020-12-02,49.299999999999955,-0.060000000000002274,0.00768165243200003,1759.08550139
623,2020-12-03,10.899999999999864,0.35999999999999943,-0.0020103918079998895,-3110.1995677200002
624,2020-12-08,33.80000000000018,-0.03999999999999915,-0.0045695365600002535,1385.6808826000006
625,2020-12-10,-37.5,1.1799999999999997,0.000646260560000167,-366.53827979999915
626,2020-12-11,6.199999999999818,-0.21000000000000085,-0.0026755402920000115,412.32139127999835
627,2020-12-14,-11.5,0.4200000000000017,-0.0073376173160002445,264.8699178799998
628,2020-12-15,23.200000000000045,0.6299999999999955,0.006050168728000349,-16.44527903999915
629,2020-12-16,3.7999999999999545,0.20000000000000284,0.015658670129999885,151.43755788999988
630,2020-12-17,31.300000000000182,0.5399999999999991,0.009171955998000136,11.610223810001116
631,2020-12-18,-1.5,0.740000000000002,0.003273781951999677,14.36432466000042
632,2020-12-21,-6.100000000000136,-1.3599999999999994,-0.0035511705899997636,-261.09480284000165
633,2020-12-22,-12.5,-0.7199999999999989,-0.003206146835000201,80.08337224000024
634,2020-12-23,7.7999999999999545,1.0999999999999943,-0.015816826718999977,24.737883359999614
635,2020-12-24,5.100000000000136,0.10999999999999943,0.015586412533000082,77.35338030000094
636,2020-12-29,-0.2999999999999545,-0.22999999999999687,-0.0041334189569999236,109.84707700000035
637,2020-12-30,10.5,0.3999999999999986,0.007896567055999837,-40.85025350000069
638,2020-12-31,1.699999999999818,0.12000000000000455,0.013179326933999924,-44.17628747999879
639,2021-01-04,51.5,-0.9000000000000057,0.0004240839520002204,413.3409116799994
640,2021-01-06,-38.0,3.010000000000005,-0.009037568347000091,430.89229329999944
641,2021-01-07,5.0,0.19999999999999574,0.0003666430509998708,57.881645179999396
642,2021-01-11,-62.799999999999955,1.4200000000000017,-0.0028650022989997748,143.251003020001
643,2021-01-12,-6.599999999999909,0.9600000000000009,0.007616965925999919,-156.47932002000016
644,2021-01-13,10.700000000000045,-0.30000000000000426,0.008832518702999836,-473.51158939999914
645,2021-01-14,-3.5,0.6600000000000037,-0.008357821334999738,62.68875883999863
646,2021-01-15,-21.5,-1.2100000000000009,0.004371982036999844,-67.28251418999935
647,2021-01-19,10.299999999999955,0.6199999999999974,-0.01028682683500004,-99.87783692999983
648,2021-01-20,30.0,0.2600000000000051,0.005625644608999947,79.73137956000028
649,2021-01-21,-0.900000000000091,-0.10999999999999943,0.00207065218100011,-17.791489200000797
650,2021-01-22,-9.399999999999864,-0.8599999999999994,0.007498280884000064,13.017875129999084
651,2021-01-25,-0.900000000000091,0.5,-0.004514547606000008,-104.58561428999928
652,2021-01-26,-4.2000000000000455,-0.1600000000000037,-0.001314868815000203,14.622967990000689
653,2021-01-27,-5.899999999999864,0.240000000000002,0.0067696373200001325,-77.42930264000097
654,2021-01-28,-7.7000000000000455,-0.509999999999998,-0.00731908203999998,-103.71578905000024
655,2021-01-29,9.099999999999909,-0.14000000000000057,0.005869178892000004,-126.62327584000013
656,2021-02-02,-16.899999999999864,2.559999999999995,-0.0051626258760000265,119.73039459000029
657,2021-02-03,1.699999999999818,0.9299999999999997,-0.0009915136979998795,119.97034044999964
658,2021-02-08,-0.8999999999998636,2.280000000000001,0.007228604649999859,695.4308273400002
659,2021-02-09,3.2999999999999545,0.39000000000000057,0.0004412907119999421,117.90520316000038
660,2021-02-11,-10.700000000000045,-0.11999999999999744,0.008924854547000205,215.6716575999999
661,2021-02-12,-3.599999999999909,1.2299999999999969,-0.0020416176010000786,-217.33644034999998
662,2021-02-16,-24.200000000000045,0.5799999999999983,0.009730313248,-454.7202763100013
663,2021-02-17,-26.200000000000045,1.0900000000000034,-0.0010601094969999725,-70.71851314000014
664,2021-02-18,2.2000000000000455,-0.6199999999999974,-0.003118180337000176,-144.60004339999978
665,2021-02-19,2.400000000000091,-1.2800000000000011,0.010139697462000274,76.49503152000216
666,2021-02-22,31.0,2.25,0.0038229364869999394,25.659688679998
667,2021-02-23,-2.5,0.17999999999999972,0.006673044146999985,45.779443020001054
668,2021-02-24,-8.0,1.5499999999999972,0.003460135187999702,79.15949745000034
669,2021-02-25,-22.5,0.3100000000000023,0.0038761577840003003,8.700542849999692
670,2021-02-26,-46.600000000000136,-2.030000000000001,-0.012940810306000028,-329.28661547000047
671,2021-03-02,4.7999999999999545,-1.75,-0.008725654330999921,-17.005110809999678
672,2021-03-03,-17.799999999999955,1.5300000000000011,0.0022846995539997916,250.52414941999996
673,2021-03-08,-37.799999999999955,3.769999999999996,-0.01237567767899983,528.4320709000003
674,2021-03-09,38.90000000000009,-1.039999999999992,-0.00020906590100011613,23.739539390000573
675,2021-03-11,5.699999999999818,2.009999999999991,0.010613882487000126,230.9854635899992
676,2021-03-12,-2.7999999999999545,-0.4099999999999966,0.005792657233999687,-134.68628418000117
677,2021-03-15,9.400000000000091,-0.21999999999999886,-0.007047708485999893,-562.0677093599988
678,2021-03-16,1.7000000000000455,-0.5900000000000034,-0.002100944937999838,54.41106792000028
679,2021-03-17,-3.800000000000182,-0.20000000000000284,0.0003213070000001039,-54.8133322499998
680,2021-03-18,7.5,-4.599999999999994,0.006139609657999756,73.57322273000136
681,2021-03-19,9.300000000000182,1.4200000000000017,-0.0038131943149997127,-133.26014554000176
682,2021-03-22,-3.5,0.12999999999999545,-0.008608697909000318,-37.97384125999997
683,2021-03-23,-12.900000000000091,-3.789999999999999,0.0023981301280000533,-17.186249310001585
684,2021-03-24,8.0,3.4200000000000017,-0.012253750783999928,-69.6789253099978
685,2021-03-25,-8.200000000000045,-2.6199999999999974,-0.005838013113000029,-79.98522233999938
686,2021-03-26,7.400000000000091,2.4099999999999966,0.006361899992999964,130.61664844999905
687,2021-03-29,-20.100000000000136,0.5900000000000034,0.0045076415639999645,22.147445679998782
688,2021-03-30,-28.59999999999991,-1.0100000000000051,-0.0016796136039998188,38.770377430000735
689,2021-03-31,29.59999999999991,-1.3900000000000006,-0.004069788576000155,-99.63697664999927
690,2021-04-01,12.800000000000182,2.2900000000000063,0.004393880760000135,-168.82754707000095
691,2021-04-05,0.3999999999998636,-2.8000000000000043,0.0046634292279998935,515.4517925400014
692,2021-04-06,14.200000000000045,0.6799999999999997,0.00779713789400005,260.25289562000034
693,2021-04-08,15.200000000000045,0.2700000000000031,-0.016582679578000192,-44.96437052000147
694,2021-04-13,-10.600000000000136,0.5799999999999983,0.0012568907990002653,-313.84214685000006
695,2021-04-14,-11.299999999999955,2.969999999999999,0.0010075200569998888,71.59108492999985
696,2021-04-15,30.5,0.3100000000000023,0.002380543142999958,74.07137789999979
697,2021-04-16,13.400000000000091,-0.3299999999999983,2.7936235000192156e-05,54.047811000000365
698,2021-04-19,-9.600000000000136,0.25,0.004472910944999908,-3.7475338999993255
699,2021-04-20,7.800000000000182,-0.7100000000000009,0.01628968922000018,-73.43322752000131
700,2021-04-21,14.699999999999818,-1.3200000000000003,-0.005551284417000257,11.642086280000512
701,2021-04-22,-11.099999999999909,0.0799999999999983,-0.0005383405290000365,55.01748803999908
702,2021-04-23,-4.2000000000000455,0.7100000000000009,-0.009174820016999652,-63.10445183999764
703,2021-04-26,2.2999999999999545,-0.23000000000000398,0.003183916740999715,52.165421759998935
704,2021-04-27,-1.2999999999999545,1.0300000000000011,0.002353709848999852,-4.832571240000107
705,2021-04-28,-4.899999999999864,0.9200000000000017,0.0010338303470001087,31.50007344000005
706,2021-04-29,-5.600000000000136,1.1500000000000057,0.00481148858200009,33.969309520000024
707,2021-04-30,-0.599999999999909,-1.4300000000000068,-0.0007977624569999175,8.914700000001176
708,2021-05-03,24.09999999999991,0.9099999999999966,-0.012713543754000245,-561.6249769599999
709,2021-05-05,-7.5,1.1400000000000006,0.007165785948000103,613.0249125199989
710,2021-05-07,47.0,-0.7299999999999898,0.0007402240440002039,181.91451153999878
711,2021-05-10,6.2999999999999545,0.01999999999999602,0.013638064211999756,-21.081171139998332
712,2021-05-11,-1.5,0.35999999999999943,0.008841086256000219,384.3327348799994
713,2021-05-13,-12.099999999999909,-1.4600000000000009,-0.0032581674479998934,-528.4050114500005
714,2021-05-14,14.099999999999909,1.5500000000000043,-0.004014805788000286,103.85242503000154
715,2021-05-17,29.5,0.8999999999999915,0.005375830621999977,20.699579690000974
716,2021-05-18,0.40000000000009095,-0.7800000000000011,0.004017576625999997,34.936665929999435
717,2021-05-19,13.5,-2.1299999999999955,0.004545493188000016,-91.55638568000177
718,2021-05-20,2.400000000000091,-1.3100000000000023,-0.0074827314019998425,41.27043024000159
719,2021-05-21,-5.0,1.5300000000000011,0.007966830966999794,53.2969173599995
720,2021-05-24,7.7999999999999545,2.469999999999999,-0.004775478980999948,17.4470583300008
721,2021-05-25,13.799999999999955,0.01999999999999602,0.001170038578000021,-21.538074220001363
722,2021-05-26,3.2999999999999545,0.14000000000000057,-0.0012640079819998817,-12.635550199998761
723,2021-05-27,-5.2999999999999545,0.6400000000000006,-0.001088168960000191,-29.748033870000654
724,2021-05-28,6.7999999999999545,-0.5300000000000011,0.006935583910000043,65.68224809999992
725,2021-06-01,-0.2999999999999545,1.4000000000000057,0.001391327918000007,-240.96895505999964
726,2021-06-04,-13.0,1.9000000000000057,-0.010647908797999817,-105.77559237999958
727,2021-06-07,6.7999999999999545,-0.39000000000000057,0.0051640469219997875,429.91845057999853
728,2021-06-08,-4.399999999999864,0.8199999999999932,0.001635693048000153,39.98624591999942
729,2021-06-09,1.099999999999909,-0.09000000000000341,-0.0026909614390000502,71.8806486400008
730,2021-06-10,0.900000000000091,0.3300000000000125,-0.0033962685650001934,-296.9708461299997
731,2021-06-14,-30.5,0.5899999999999892,-9.972565599980499e-05,217.81643136999992
732,2021-06-15,-9.5,1.240000000000009,-0.0006134431850000066,29.70720604000053
733,2021-06-16,5.0,0.030000000000001137,-0.0028562136929999316,-2.8173477700001968
734,2021-06-17,-86.60000000000014,-1.1099999999999994,-0.009029938007999894,-109.35243382000044
735,2021-06-18,-5.7999999999999545,0.5999999999999943,-0.005809428978000186,-226.75765945000057
736,2021-06-21,13.900000000000091,2.019999999999996,-0.011012939116999965,-23.347963599999275
737,2021-06-22,-5.5,-0.5999999999999943,0.011260078318999778,115.07168491999983
738,2021-06-23,6.0,0.01999999999999602,0.0016945538890000833,-4.8654178799988586
739,2021-06-24,-6.7000000000000455,0.21999999999999886,0.0013617898610001067,62.56505010000001
740,2021-06-25,1.099999999999909,0.75,-0.004326519096000014,0.38937281999824336
741,2021-06-28,2.900000000000091,-1.1400000000000006,-0.0029719750769998665,-103.27727761999995
742,2021-06-29,-17.100000000000136,0.07000000000000739,-0.001411113639000261,8.918917480001255
743,2021-06-30,8.0,0.4899999999999949,-0.004880762174999997,-95.0593860500012
744,2021-07-01,5.2000000000000455,1.7600000000000051,6.094637100018119e-05,-259.2009458499997
745,2021-07-06,17.40000000000009,-1.8599999999999994,0.0027543800679998842,323.7235063400003
746,2021-07-07,7.899999999999864,-1.1700000000000017,-0.005378915583999833,66.14588360000198
747,2021-07-09,8.5,2.3599999999999994,-0.001197298266000013,-12.894750000003114
748,2021-07-12,-4.699999999999818,-0.46000000000000796,0.010759967699999873,342.5338665599993
749,2021-07-13,4.0,1.1500000000000057,-0.0014231047849999623,-308.03117977999864
750,2021-07-14,15.099999999999909,-2.1200000000000045,-0.007434307437000021,-103.93779516999894
751,2021-07-15,4.0,-1.4799999999999898,0.004881709268000023,-72.81194576999951
752,2021-07-16,-14.0,0.1599999999999966,-0.0030677549039999086,-25.321172610001668
753,2021-07-19,-5.7999999999999545,-5.390000000000001,-0.006760251823000107,-271.46983263999937
754,2021-07-20,2.2000000000000455,1.0,-0.009136956044,-14.038471190000564
755,2021-07-21,-4.0,2.8799999999999955,-0.004202072323000072,134.45312981999996
756,2021-07-22,1.7999999999999545,1.6099999999999994,0.008803128273999983,15.410415640000792
757,2021-07-23,-3.2999999999999545,0.1599999999999966,0.005835476331000011,123.36392299999898
758,2021-07-26,-2.5,-0.1599999999999966,-0.0015278753909999665,-14.265305369999624
759,2021-07-27,0.599999999999909,-0.2599999999999909,0.006084910698000101,9.53086237000025
760,2021-07-28,0.599999999999909,0.7399999999999949,0.006215784221999865,66.00699015999999
761,2021-07-29,31.200000000000045,1.230000000000004,0.0023007679170001794,102.8615543399992
762,2021-07-30,-18.59999999999991,0.3299999999999983,0.005884348122999983,-23.716731799999252
763,2021-08-02,5.0,-2.6899999999999977,-0.006704890301000077,-754.8949802400002
764,2021-08-03,-8.100000000000136,-0.7000000000000028,-0.000646917162999916,269.4785250900004
765,2021-08-04,0.40000000000009095,-2.4099999999999966,0.002619524265999873,327.37915860999965
766,2021-08-06,-51.40000000000009,0.12999999999999545,0.001104690368999961,219.6448688599994
767,2021-08-09,-36.59999999999991,-1.7999999999999972,-0.006497840234999774,-41.32886431000043
768,2021-08-10,5.2000000000000455,1.8100000000000023,-0.0015240725700003122,-13.737630059997173
769,2021-08-11,21.59999999999991,0.9599999999999937,-0.001094803892000007,274.18577774999903
770,2021-08-12,-1.5,-0.1599999999999966,0.0033046729850001455,73.37323404999916
771,2021-08-13,26.40000000000009,-0.6500000000000057,-0.005915533360999925,-204.05680946999928
772,2021-08-16,11.599999999999909,-1.1499999999999915,0.0055329215160000444,-52.001349900001514
773,2021-08-17,-2.0,-0.7000000000000028,-0.002214281518000183,22.453328969999347
774,2021-08-18,-3.3999999999998636,-1.1300000000000097,-0.010391899776999836,-89.68425380999906
775,2021-08-19,-1.300000000000182,-1.769999999999996,0.0015719901530000246,-149.37666691999948
776,2021-08-20,0.900000000000091,-1.3699999999999974,-0.012235454952000069,-40.1599530200001
777,2021-08-23,22.299999999999955,3.3200000000000003,-0.00020887227100008232,24.8286310600015
778,2021-08-24,2.2000000000000455,1.9000000000000057,0.00942798514300014,93.72322871999859
779,2021-08-25,-17.5,0.8199999999999932,0.0004708161089999052,33.94947495999986
780,2021-08-26,4.2000000000000455,-0.9399999999999977,0.003413692307999927,-5.293539280000914
781,2021-08-27,24.299999999999955,1.3199999999999932,-0.006177714569999937,-14.143040579998342
782,2021-08-31,-1.400000000000091,-0.23999999999999488,0.004890926932999973,2.559779819999676
783,2021-09-02,-6.599999999999909,1.4899999999999949,0.0019379295729999857,-802.0054103599996
784,2021-09-03,22.200000000000045,-0.6999999999999886,0.006608893591000031,317.6142856999995
785,2021-09-07,-35.200000000000045,-0.9400000000000119,0.00020833386199980986,543.6751225800017
786,2021-09-08,-5.0,0.9500000000000028,-0.005668834295999847,-28.151950120001857
787,2021-09-09,6.5,-1.1599999999999966,-0.0006392317340000453,-157.47324914000092
788,2021-09-13,-5.599999999999909,2.3100000000000023,0.006482078260000135,112.60029483000108
789,2021-09-14,12.699999999999818,0.009999999999990905,-0.0001514150420001137,-49.456060789998446
790,2021-09-15,-12.299999999999955,2.1500000000000057,-0.0028031296559998253,-43.88963665000301
791,2021-09-16,-38.09999999999991,-0.04000000000000625,0.0034327435290000263,42.32461999000043
792,2021-09-17,-5.2999999999999545,-0.5999999999999943,-0.005263600143000202,-124.5316505999981
793,2021-09-20,12.399999999999864,-1.6799999999999926,-0.006491855540999847,-128.9073745800015
794,2021-09-21,14.400000000000091,0.269999999999996,-0.006796679775000092,59.06984754000041
795,2021-09-22,0.599999999999909,1.6700000000000017,-0.00014297122799988848,136.1877827900007
796,2021-09-23,-29.0,1.0699999999999932,-0.00374458534800004,-35.42427054000109
797,2021-09-24,1.900000000000091,0.6800000000000068,0.010487892371999763,37.726373150000654
798,2021-09-27,0.2999999999999545,1.4699999999999989,-0.006152213363999959,-21.40371640000194
799,2021-09-28,-14.5,-0.1599999999999966,0.003072941127000073,-25.34713329999795
800,2021-09-29,-14.599999999999909,-0.46000000000000796,-0.015148995811000043,-3.6017124600002717
801,2021-09-30,34.09999999999991,0.20000000000000284,-0.0115271066989997,-111.51574620000065
802,2021-10-05,3.900000000000091,3.9000000000000057,0.01812430939499965,179.0081910000008
803,2021-10-06,0.8999999999998636,-1.5,0.001662243991000123,-33.98134222000044
804,2021-10-08,-4.399999999999864,1.9199999999999875,-0.0005740479309999102,93.97785766000015
805,2021-10-11,-1.7000000000000455,1.1700000000000017,-0.0003408948710001969,241.2294603199989
806,2021-10-12,3.599999999999909,0.12000000000000455,-0.0023384770149998957,-84.75630269999965
807,2021-10-13,35.40000000000009,-0.20000000000000284,-0.0009199927620000548,-212.23987681999824
808,2021-10-14,3.2000000000000455,0.8700000000000045,0.007469041492000006,154.62146745000064
809,2021-10-15,-29.600000000000136,0.9699999999999989,0.001435075480000103,35.709754249997786
810,2021-10-18,-2.599999999999909,0.1599999999999966,0.009170709448000025,25.521158389999982
811,2021-10-19,4.7999999999999545,0.519999999999996,-0.003051660567999992,0.7085078800009796
812,2021-10-20,14.400000000000091,0.9100000000000108,0.005824766755999855,48.64229515000079
813,2021-10-21,-3.0,-1.3700000000000045,0.003211287567000065,-23.814602000000377
814,2021-10-22,14.399999999999864,1.2600000000000051,-0.0030724486250000016,-3.2126940000016475
815,2021-10-25,10.5,-0.05000000000001137,-0.003535373902000094,4.633153860000675
816,2021-10-26,-13.399999999999864,0.9400000000000119,0.000532904906000109,76.66423342000053
817,2021-10-27,5.399999999999864,-1.990000000000009,8.640470100007569e-05,-32.28335549999974
818,2021-10-28,3.7999999999999545,0.15000000000000568,-0.0037232593149998383,-29.350119890001224
819,2021-10-29,-18.699999999999818,0.7599999999999909,0.007173469323999759,32.76479715000096
820,2021-11-01,11.899999999999864,0.480000000000004,-0.010721585490000018,-685.8307605600021
821,2021-11-02,-6.399999999999864,-0.14000000000000057,-0.003701031374000019,-387.29557823999676
822,2021-11-03,-25.5,-3.049999999999997,-0.0038856545319998492,258.73980719999963
823,2021-11-05,52.899999999999864,0.4099999999999966,-0.011189011469000087,211.78059795999798
824,2021-11-08,11.200000000000045,0.6600000000000108,-0.0006034672270001096,355.12404638000044
825,2021-11-10,20.299999999999955,-0.5900000000000034,0.006271013219999899,-49.75721777999752
826,2021-11-11,15.600000000000136,0.25,-0.015461139623999864,213.08004531999904
827,2021-11-15,2.699999999999818,-0.710000000000008,0.0005954765280000718,-40.17397216000063
828,2021-11-16,-12.5,-0.11999999999999034,0.00013987386700020643,-39.7255644199995
829,2021-11-17,18.700000000000045,-2.4000000000000057,0.0010661259649995536,-36.150174340000376
830,2021-11-18,-8.799999999999955,0.6500000000000057,0.006989539830000169,1.3210830400003033
831,2021-11-19,-9.700000000000045,-2.910000000000011,0.0006993231299998737,-37.91334239000025
832,2021-11-22,-45.200000000000045,0.6500000000000057,-0.005503842305999873,-4.189916210001684
833,2021-11-23,-22.799999999999955,1.75,-0.005186565848999791,-11.727097679999133
834,2021-11-24,0.6000000000001364,-0.10999999999999943,-0.0017716023010001525,10.502825560000929
835,2021-11-26,1.199999999999818,-10.239999999999995,-0.00599236566200001,-367.6182402400009
836,2021-11-29,-2.8999999999998636,1.7999999999999972,0.0018927003080000393,106.83582862000003
837,2021-11-30,-8.700000000000045,-3.769999999999996,-0.002560784529999971,-85.67710285000067
838,2021-12-01,7.7999999999999545,-0.6100000000000136,-0.001575123307999915,-419.4755950199997
839,2021-12-02,-21.59999999999991,0.9300000000000068,-0.0018047104720000373,-228.97625722999874
840,2021-12-03,21.200000000000045,-0.23999999999999488,0.0025346074079999337,241.5072185299996
841,2021-12-07,0.7999999999999545,5.789999999999992,-0.004332444256000212,458.6652645899994
842,2021-12-08,0.7999999999999545,0.3100000000000023,-0.0012523149569998449,76.80359394999869
843,2021-12-10,-0.7000000000000455,-0.6899999999999977,-0.002198674374999987,-99.1939148399997
844,2021-12-13,3.5,-0.37999999999999545,0.004845477371999918,157.80519737000031
845,2021-12-14,-16.0,-0.5600000000000023,-0.005947843411999942,-48.45685967999816
846,2021-12-15,-7.7999999999999545,0.14000000000000057,0.0017845711699999711,-51.10366167000029
847,2021-12-16,33.700000000000045,1.509999999999991,0.003482156641000156,142.57347268000012
848,2021-12-17,6.7000000000000455,-1.519999999999996,0.004945882958000025,56.410959149998234
849,2021-12-20,-10.300000000000182,-2.6299999999999955,-0.00487165511800014,-163.661789759999
850,2021-12-21,-5.899999999999864,2.8900000000000006,-0.005739971431000024,117.28800967999996
851,2021-12-22,13.5,1.6400000000000006,0.005684259899999988,102.23991023999952
852,2021-12-23,9.5,1.0300000000000011,0.00841681264000016,102.78716777999944
853,2021-12-29,-5.900000000000091,2.769999999999996,0.00823934255399994,123.51496830000178
854,2021-12-30,8.299999999999955,0.4299999999999926,0.004154242945999975,24.747079470000244
855,2021-12-31,14.5,-1.7800000000000011,0.0022823754300000942,-25.24241581000024
856,2022-01-03,-28.5,0.8700000000000045,0.0031967624499997793,-55.82363438000175
857,2022-01-04,14.5,0.9099999999999966,-0.004652452959999831,251.45240770000055
858,2022-01-06,-25.399999999999864,2.469999999999999,0.007456607915000024,47.8492734499996
859,2022-01-07,8.200000000000045,-0.5599999999999881,-0.00234018929299995,-509.61769679999816
860,2022-01-11,21.09999999999991,2.319999999999993,0.0045736341839999195,57.24238100999901
861,2022-01-12,8.799999999999955,1.4200000000000017,0.005551799073999941,545.6654452700004
862,2022-01-13,-5.899999999999864,-0.519999999999996,0.007351715209999998,65.33728992000033
863,2022-01-14,-4.900000000000091,1.6999999999999886,0.0007490231269999814,-25.88561644999936
864,2022-01-18,-4.099999999999909,1.6100000000000136,-0.007040788675999776,-21.41212970000015
865,2022-01-19,33.09999999999991,1.529999999999987,-0.004740549735000155,-0.598108840002169
866,2022-01-20,-0.599999999999909,-0.05999999999998806,0.0014346090419998792,-0.005807569998069084
867,2022-01-21,-10.800000000000182,-1.7600000000000051,-0.0018769578869999304,-131.8584558800012
868,2022-01-24,10.100000000000136,-1.8299999999999983,-0.0040974487929998915,-298.37817926000025
869,2022-01-25,10.799999999999955,2.289999999999992,-0.006422007827000309,51.66893497000092
870,2022-01-26,-23.0,1.75,0.002190171588000167,148.69399942000018
871,2022-01-27,-37.0,-0.7399999999999949,0.0027009194470000164,81.89683946999867
872,2022-01-28,-8.400000000000091,0.20999999999999375,-0.015259691487999882,-178.33883206999963
873,2022-01-31,9.800000000000182,1.3300000000000125,0.0020335097939998548,8.972791190000862
874,2022-02-02,13.899999999999864,0.10999999999999943,0.012070781732000269,251.51701556999978
875,2022-02-03,-6.2000000000000455,2.009999999999991,0.0037161693009999386,-178.0902378799983
876,2022-02-08,23.800000000000182,-0.9099999999999966,-0.002845089631000164,-47.90065421000327
877,2022-02-09,8.699999999999818,0.29999999999999716,0.0012691726360001265,-166.0692240799999
878,2022-02-11,5.5,3.4399999999999977,0.0008652015579999617,-182.65461976999904
879,2022-02-14,27.300000000000182,2.3599999999999994,0.004586826688000034,538.5004601100009
880,2022-02-15,-13.200000000000045,-3.3900000000000006,-0.00701702076599986,76.98638562999986
881,2022-02-16,15.299999999999955,1.5900000000000034,0.003066865137999697,-0.6827921000003698
882,2022-02-17,30.5,-1.8999999999999915,0.003801301290000003,-56.928171290001046
883,2022-02-18,-2.2000000000000455,-0.6900000000000119,0.0017024145520001532,-6.830605049999576
884,2022-02-22,7.600000000000136,1.2800000000000011,0.003968961240000013,-43.49836814999799
885,2022-02-23,3.0,-0.25,-0.006622472770000165,0.41132626999933564
886,2022-02-24,15.899999999999864,0.710000000000008,-0.003114118542999922,-426.6243877400011
887,2022-02-25,-38.700000000000045,-1.2199999999999989,-0.018014742771000014,252.93472468000073
888,2022-02-28,13.100000000000136,4.1299999999999955,0.0019423796709998609,-41.737975670001106
889,2022-03-02,21.59999999999991,14.879999999999995,-0.007046917086999782,65.6718594899994
890,2022-03-03,13.600000000000136,-2.9299999999999926,0.006655885885999968,-341.9615230399977
891,2022-03-08,107.39999999999986,16.03,-0.02872634034600008,65.16955219999909
892,2022-03-10,-42.899999999999864,-17.680000000000007,0.00738214601000009,-653.3498569999992
893,2022-03-11,-15.400000000000091,3.3100000000000023,-0.009066403230000075,309.78528671999993
894,2022-03-14,-24.200000000000045,-6.319999999999993,-0.005269031825999804,-31.740262020000955
895,2022-03-15,-31.09999999999991,-6.570000000000007,-0.0028812592260001324,-50.780949599999076
896,2022-03-16,-20.5,-1.3999999999999915,0.0034140297720000046,176.1698158199997
897,2022-03-17,39.0,7.939999999999998,0.010636663468000185,192.08089775999906
898,2022-03-18,-14.299999999999955,1.7199999999999989,0.0003328631569998741,39.764355850000356
899,2022-03-21,0.8999999999998636,7.420000000000002,0.0030126707249997775,49.88212683000165
900,2022-03-22,-8.099999999999909,-0.35999999999999943,-0.0015471191499998316,50.751320119999946
901,2022-03-23,15.899999999999864,3.1700000000000017,0.009915721719999882,52.06068672999754
902,2022-03-24,25.100000000000136,-2.5900000000000034,-0.006163466594999889,-36.17797746999895
903,2022-03-25,-7.900000000000091,1.5600000000000023,-0.001321967405000013,13.397146110000904
904,2022-03-28,-15.099999999999909,-7.940000000000012,-0.0020074217499999047,-28.030537470000127
905,2022-03-29,-26.700000000000045,-1.7199999999999989,-0.007690756026000001,29.684796719999213
906,2022-03-30,21.0,3.5799999999999983,0.0005713397439999213,46.96783949999917
907,2022-03-31,15.0,-7.539999999999992,0.003776943547999956,-48.70191115999842
908,2022-04-01,-30.299999999999955,-1.0100000000000051,0.0003337619040000295,-7.741058840001642
909,2022-04-04,10.299999999999955,4.010000000000005,-0.003691138595999899,38.00664892000168
910,2022-04-05,-6.5,-1.3200000000000074,0.0007008492280000667,-77.68240382000113
911,2022-04-07,10.299999999999955,-5.929999999999993,-0.004180273780000077,-372.7742415499997
912,2022-04-08,7.7999999999999545,2.230000000000004,0.0001428000329999346,279.54469142999915
913,2022-04-11,2.6000000000001364,-3.969999999999999,-0.0036520053490001203,-175.20521517999805
914,2022-04-13,36.5,9.959999999999994,-0.0033150792280001173,298.06291919999967
915,2022-04-14,-9.799999999999955,2.700000000000003,0.011415701987000038,135.9154818799998
916,2022-04-19,-15.900000000000091,-4.390000000000001,-0.010269737264999801,-103.76012891999926
917,2022-04-20,-3.400000000000091,0.18999999999999773,-0.000728546231000049,39.32483287999821
918,2022-04-21,-7.399999999999864,1.0400000000000063,0.005732921651000034,40.37726206000116
919,2022-04-22,-13.900000000000091,-1.720000000000013,-0.0032934791339997993,-170.89462022000043
920,2022-04-25,-38.299999999999955,-3.529999999999987,-0.01986078016800019,-328.05362416000025
921,2022-04-26,8.099999999999909,3.1599999999999966,-0.009417318095999994,-59.88363371000014
922,2022-04-27,-15.399999999999864,0.3199999999999932,-0.016365582227999997,-65.61104981000062
923,2022-04-28,2.599999999999909,3.3400000000000034,-0.0032176731870001696,73.53334533999987
924,2022-04-29,20.40000000000009,-0.6700000000000017,-0.007986559938999882,-14.507017589998213
925,2022-05-04,-42.90000000000009,3.1200000000000045,0.003161107708000044,114.04821076999906
926,2022-05-05,6.900000000000091,0.45000000000000284,0.013662675575999872,-49.73103073999846
927,2022-05-09,-17.100000000000136,-5.170000000000002,-0.03021542497999974,-484.76394340000115
928,2022-05-10,-17.59999999999991,-3.3299999999999983,0.001268962077999758,-280.86631754000155
929,2022-05-12,-16.40000000000009,6.36999999999999,-0.009244748054999974,556.1864835000015
930,2022-05-13,-16.399999999999864,4.359999999999999,-0.004472624741999942,-203.58961024000018
931,2022-05-16,5.7999999999999545,3.710000000000008,0.004952948191000006,96.03480070000114
932,2022-05-17,4.900000000000091,-1.7999999999999972,0.007251443131000013,115.50601825000012
933,2022-05-18,3.5,-2.8100000000000023,0.016313626185000096,19.763078459998724
934,2022-05-19,25.399999999999864,2.6199999999999903,-0.01444908740000006,-270.16298409000046
935,2022-05-20,0.6000000000001364,1.0200000000000102,0.012567766257999935,193.66526828000133
936,2022-05-23,5.5,-2.9399999999999977,0.0036958105419999665,185.34653093999805
937,2022-05-24,17.5,-0.5200000000000102,0.006218825913000048,11.143827610001608
938,2022-05-25,-18.90000000000009,0.5600000000000023,-0.0024345332160000677,29.76094974999978
939,2022-05-26,1.400000000000091,3.760000000000005,0.004518781557000029,85.5287272000005
940,2022-05-27,3.3999999999998636,0.9799999999999898,0.0028160500639999864,49.548826439999175
941,2022-05-31,-8.899999999999864,-0.3999999999999915,0.003796719732000131,50.590029679999134
942,2022-06-01,0.2999999999999545,0.5900000000000034,-0.0050923678660002025,-227.3183376500001
943,2022-06-06,-5.0,3.239999999999995,-0.01086518392399971,110.31219093000254
944,2022-06-07,8.399999999999864,0.9099999999999966,0.0027025573899999156,-603.0151266400007
945,2022-06-09,0.7000000000000455,2.1000000000000085,0.001801569019999949,253.5619287999998
946,2022-06-10,22.700000000000045,-0.8400000000000034,-0.004422210870000054,-413.29505357000016
947,2022-06-13,-43.700000000000045,0.2600000000000051,-0.02021042493299996,103.3985035200003
948,2022-06-14,-18.299999999999955,-2.0,-0.015795012821000043,-116.06206429000122
949,2022-06-15,6.099999999999909,-3.6200000000000045,-0.014164253938000027,8.244364770000175
950,2022-06-16,30.300000000000182,2.280000000000001,0.017630601080999897,-160.45104187000106
951,2022-06-17,-9.300000000000182,-8.030000000000001,0.018638165265000062,91.65941743000258
952,2022-06-21,-1.7999999999999545,1.0900000000000034,-0.011136196343999982,94.05525999999918
953,2022-06-22,-0.3999999999998636,-4.460000000000008,0.0031631919779999684,-66.42898588999924
954,2022-06-23,-8.600000000000136,-1.9200000000000017,-0.0017436488039999087,-95.43588461000218
955,2022-06-24,0.5,3.3500000000000085,-0.0008380428920000682,237.90094131000114
956,2022-06-27,-5.5,1.9499999999999886,0.0041596217660002655,76.44631884000046
957,2022-06-28,-3.599999999999909,2.190000000000012,-0.00294159850400022,68.91008818000046
958,2022-06-29,-3.7000000000000455,-1.980000000000004,-0.008117579692999977,-70.35543994000182
959,2022-06-30,-10.200000000000045,-4.019999999999996,-0.006517430411000058,-215.92278624000028
960,2022-07-01,-5.7999999999999545,2.6700000000000017,0.005810372431999999,405.1171036800006
961,2022-07-06,-65.0,-9.900000000000006,-0.02197632784999981,-22.676372059999267
962,2022-07-07,3.2000000000000455,4.200000000000003,-0.0031884278189999726,-508.3767873400011
963,2022-07-11,-8.0,1.3599999999999994,0.00972970357699987,200.43682869000077
964,2022-07-12,-6.900000000000091,-8.25,-0.01313864699599998,140.7122004899993
965,2022-07-13,10.700000000000045,0.45999999999999375,-0.0009742368420000425,-412.6827071099997
966,2022-07-14,-29.700000000000045,-0.519999999999996,-0.0023625678520000637,-148.26758894999875
967,2022-07-15,-2.2000000000000455,1.8100000000000023,-0.0019387615579997686,124.12032783999894
968,2022-07-18,6.600000000000136,5.009999999999991,0.0042423478919997315,111.22318651999922
969,2022-07-19,17.899999999999864,1.6200000000000045,0.006750932075999971,130.57363396000073
970,2022-07-20,-10.399999999999864,-1.9599999999999937,0.00551174930600018,1.9148366900008114
971,2022-07-21,13.599999999999909,-5.910000000000011,-0.00342270461000016,-15.648963559999174
972,2022-07-22,14.0,-1.6499999999999915,0.0020988940389998767,24.777064669999163
973,2022-07-25,-8.200000000000045,2.0,-2.8746900999632174e-05,29.182710879998922
974,2022-07-26,-1.3999999999998636,-1.7199999999999989,0.006008169593999746,49.8048556800004
975,2022-07-27,1.7999999999999545,2.280000000000001,-0.0008301282629998852,37.13883176000127
976,2022-07-28,31.700000000000045,-0.8400000000000034,0.011362283743000079,89.11006475999784
977,2022-07-29,12.599999999999909,2.200000000000003,0.0019641699319998818,102.78905635000046
978,2022-08-02,7.900000000000091,-4.200000000000003,0.007951013229999804,235.9256906999999
979,2022-08-03,-13.299999999999955,-3.760000000000005,-0.008087176173999566,-816.2823110499994
980,2022-08-04,30.5,-2.1199999999999903,-0.0032414656290002952,853.0079026799995
981,2022-08-08,-1.7000000000000455,2.219999999999999,-0.007876990288999908,-286.1401270699989
982,2022-08-09,7.099999999999909,-0.2600000000000051,0.0017154471559999163,-247.37585217000014
983,2022-08-11,-5.099999999999909,3.8400000000000034,0.013373002948000146,146.97808556000018
984,2022-08-12,8.299999999999955,-2.25,-0.0018538610590002058,190.1893047199992
985,2022-08-15,-17.40000000000009,-2.680000000000007,-0.005952549062999912,-6.103494169999976
986,2022-08-16,-8.399999999999864,-2.8799999999999955,-0.00788740793999998,-20.91487508999853
987,2022-08-17,-13.0,1.5799999999999983,0.004188066070000218,6.537431789998664
988,2022-08-18,-5.5,2.3900000000000006,-0.005204128668000241,-8.425696499998594
989,2022-08-19,-8.299999999999955,0.269999999999996,-0.011112095746000028,-74.60369100000025
990,2022-08-22,-14.5,-0.539999999999992,-0.011989696619999934,-106.15940185
991,2022-08-23,12.799999999999955,3.509999999999991,-0.005275583593999933,-92.61624029000268
992,2022-08-24,0.2999999999999545,1.1500000000000057,0.00686123654299986,29.981290170002467
993,2022-08-25,9.900000000000091,-2.3700000000000045,-0.003350647188999911,-20.94351554000059
994,2022-08-26,-21.600000000000136,0.5400000000000063,0.003956835775999812,-37.87112292999882
995,2022-08-30,-13.5,-1.4200000000000017,-0.012850488626999779,-152.38064218000181
996,2022-08-31,-10.099999999999909,-2.0900000000000034,-0.0052717709250000855,-136.5267645799995
997,2022-09-02,-3.6000000000001364,-2.6799999999999926,-0.011328043852000036,334.1885329300003
998,2022-09-06,-9.699999999999818,0.009999999999990905,-0.0017316124319999293,-180.02645823999956
999,2022-09-08,7.2999999999999545,-3.339999999999989,-0.0003084975809999335,-21.106914090001737
1000,2022-09-09,8.399999999999864,3.25,-0.0014983512749999761,-156.59771394999916
1001,2022-09-12,12.0,0.9899999999999949,0.01088893206799968,217.78665100000035
1002,2022-09-13,-23.199999999999818,-0.46999999999999886,0.0069611514680003594,-53.50976869999977
1003,2022-09-14,-8.300000000000182,1.1700000000000017,-0.01866948226600007,-260.50787669999954
1004,2022-09-15,-31.799999999999955,-3.3800000000000097,0.004704554674000105,33.728305779997754
1005,2022-09-16,6.2000000000000455,0.010000000000005116,-0.008159900600000158,-119.18980237999858
1006,2022-09-20,-12.400000000000091,-0.6599999999999966,-0.0027742379899999836,-57.19724367999879
1007,2022-09-21,4.600000000000136,-1.5100000000000051,-0.00583118497800017,6.135026599999037
1008,2022-09-22,5.399999999999864,0.5499999999999972,-0.010249599707999879,-178.1413482400003
1009,2022-09-23,-25.5,-4.75,-0.002153104500000058,-152.8353800800005
1010,2022-09-26,-22.199999999999818,-2.030000000000001,-0.042817145446000016,-325.08384274999935
1011,2022-09-27,2.7999999999999545,1.7900000000000063,-0.013976798170000082,-56.406478490000154
1012,2022-09-28,33.799999999999955,3.6500000000000057,0.0036456058480001108,-9.326909499999601
1013,2022-09-29,-1.400000000000091,-0.9200000000000017,0.01430288731400009,-58.16922006000095
1014,2022-09-30,3.400000000000091,-1.740000000000009,0.02667218707099983,243.1087926400005
1015,2022-10-03,30.0,4.140000000000001,0.0007053915660002463,208.79119149000053
1016,2022-10-05,18.799999999999955,4.13000000000001,0.033291542138999874,385.666583350001
1017,2022-10-06,0.10000000000013642,0.6899999999999977,-0.013053859945999946,14.864534279999134
1018,2022-10-10,-45.700000000000045,2.6799999999999926,-0.027012597343999856,-603.4659641300004
1019,2022-10-11,10.799999999999955,-1.7800000000000011,-0.0011851224100001279,463.37291131000075
1020,2022-10-13,-13.099999999999909,-0.23999999999999488,0.004133734384999865,-561.6205228199997
1021,2022-10-14,0.0,-3.5,0.02214588687800023,145.506036769998
1022,2022-10-17,-8.900000000000091,-0.15000000000000568,-0.008915719713000092,28.121013190000667
1023,2022-10-18,-8.5,-2.6400000000000006,0.012565410214000039,94.71134896000058
1024,2022-10-19,-21.299999999999955,2.730000000000004,-0.0029350886940000542,-20.030443340000602
1025,2022-10-20,2.599999999999909,0.4300000000000068,-0.011825761090999976,-71.09196079000048
1026,2022-10-21,19.5,-0.8400000000000034,0.0010301740129998738,36.230195670001194
1027,2022-10-24,-2.2000000000000455,-0.5600000000000023,0.0090490852480003,136.0995807299987
1028,2022-10-25,3.900000000000091,0.7399999999999949,-0.00014580070700009884,-26.49338779000027
1029,2022-10-26,11.200000000000045,2.5900000000000034,0.014610741774999658,157.17594616000042
1030,2022-10-27,-0.40000000000009095,0.3500000000000085,0.016335369710000158,144.6580424299991
1031,2022-10-28,-20.5,-0.35999999999999943,-0.006179005127999959,-81.13150942999891
1032,2022-10-31,0.0,-1.3700000000000045,0.005899148600000181,75.41820267000003
1033,2022-11-01,-11.899999999999864,-0.3200000000000074,-0.01502707784800017,364.4339712000001
1034,2022-11-02,14.599999999999909,2.3599999999999994,0.0018544029340001877,210.91344245000073
1035,2022-11-03,-13.299999999999955,0.7800000000000011,-0.009957019902000264,-655.9122168799995
1036,2022-11-04,48.0,3.260000000000005,-0.022044537258999908,364.34213676999843
1037,2022-11-07,-5.2000000000000455,-0.8199999999999932,0.02121693478300002,-355.69251425999937
1038,2022-11-08,35.5,-2.8800000000000097,0.013486685992999847,444.3314738199988
1039,2022-11-10,37.700000000000045,-2.4399999999999977,-0.014492124728999967,-771.9581807699988
1040,2022-11-11,20.5,2.489999999999995,0.03391261613800012,731.6691888399992
1041,2022-11-14,0.0,-3.089999999999989,0.011279369812999818,154.94927369000106
1042,2022-11-15,0.5,1.0499999999999972,-0.006847307935999858,-52.92373021000094
1043,2022-11-16,1.099999999999909,-1.3299999999999983,0.01073272692799998,72.60281236000083
1044,2022-11-17,-12.799999999999955,-3.950000000000003,0.004887187671000159,20.056247680000524
1045,2022-11-18,6.0,-1.5600000000000023,-0.0044661573940001364,5.74408276000031
1046,2022-11-21,-14.400000000000091,-0.3499999999999943,0.0017774863240000993,9.059350649999033
1047,2022-11-22,0.20000000000004547,1.2199999999999989,-0.005584624492000145,46.524184949999835
1048,2022-11-23,5.600000000000136,-3.010000000000005,0.006625897274000092,64.66093627999908
1049,2022-11-25,8.399999999999864,-1.6599999999999966,0.023027866206999814,189.34332313000232
1050,2022-11-28,-13.5,0.9599999999999937,-0.004173328272999877,-59.19598634999966
1051,2022-11-29,8.400000000000091,0.960000000000008,-0.011926369728000097,-25.15946346000237
1052,2022-11-30,-3.7999999999999545,2.3499999999999943,-0.0009708003939998822,62.846964300000764
1053,2022-12-01,55.299999999999955,0.6700000000000017,0.012594342109999879,73.17301770000086
1054,2022-12-05,-33.90000000000009,-4.289999999999992,0.020710823944000145,-225.57079850000082
1055,2022-12-07,16.700000000000045,-4.920000000000002,-0.015274625904000194,-147.28868364000118
1056,2022-12-08,3.5,-0.5500000000000114,0.00734797387600028,412.65655574000266
1057,2022-12-09,9.200000000000045,-0.4399999999999977,0.0030614852699999417,-16.379922570002236
1058,2022-12-12,-18.40000000000009,2.1500000000000057,0.0028254256020001645,-30.77260847999787
1059,2022-12-13,33.200000000000045,2.219999999999999,0.0004950245519996788,93.44190021000031
1060,2022-12-14,-6.7999999999999545,1.8900000000000006,0.009096227216000008,55.78956661999837
1061,2022-12-15,-30.90000000000009,-1.1700000000000017,0.006077199144000289,-39.58599107000009
1062,2022-12-16,12.400000000000091,-1.8199999999999932,-0.023621032131000197,-285.62680215
1063,2022-12-19,-2.5,0.8999999999999915,-0.0037780265409999014,14.298669210000298
1064,2022-12-20,27.700000000000045,0.9000000000000057,0.0005072502879999163,6.206001090000427
1065,2022-12-21,-1.5,2.200000000000003,0.004073665765000012,180.86058329999832
1066,2022-12-22,-28.600000000000136,-0.8000000000000114,-0.011222267413000031,-117.67007255999852
1067,2022-12-23,8.900000000000091,2.0700000000000074,-0.003957491141999947,-23.50397128000077
1068,2022-12-28,11.599999999999909,-0.6000000000000085,-0.0010530855450001653,19.67356434999965
1069,2022-12-29,10.200000000000045,-0.5599999999999881,-0.0011819311009997335,19.542406290000145
1070,2022-12-30,0.20000000000004547,1.8599999999999994,0.004362506851999681,-52.59657513999991
