,Date,Gold,Crude Oil,FTSE 100,GBP/INR
0,2022-12-30,1826.2,80.26,8984.06365142,1.2060973555919998
1,2022-12-29,1826.0,78.4,9036.66022656,1.2017348487400001
2,2022-12-28,1815.8,78.96,9017.11782027,1.2029167798409999
3,2022-12-23,1804.2,79.56,8997.44425592,1.203969865386
4,2022-12-22,1795.3,77.49,9020.9482272,1.207927356528
5,2022-12-21,1823.9,78.29,9138.618299759999,1.219149623941
6,2022-12-20,1825.4,76.09,8957.75771646,1.215075958176
7,2022-12-19,1797.7,75.19,8951.55171537,1.214568707888
8,2022-12-16,1800.2,74.29,8937.25304616,1.218346734429
9,2022-12-15,1787.8,76.11,9222.87984831,1.2419677665600002
10,2022-12-14,1818.7,77.28,9262.46583938,1.235890567416
11,2022-12-13,1825.5,75.39,9206.676272760002,1.2267943401999999
12,2022-12-12,1792.3,73.17,9113.234372550001,1.2262993156480002
13,2022-12-09,1810.7,71.02,9144.00698103,1.223473890046
14,2022-12-08,1801.5,71.46,9160.386903600001,1.220412404776
15,2022-12-07,1798.0,72.01,8747.730347859999,1.2130644308999998
16,2022-12-05,1781.3,76.93,8895.0190315,1.228339056804
17,2022-12-01,1815.2,81.22,9120.58983,1.2076282328599999
18,2022-11-30,1759.9,80.55,9047.4168123,1.19503389075
19,2022-11-29,1763.7,78.2,8984.569848,1.1960046911439999
20,2022-11-28,1755.3,77.24,9009.729311460002,1.207931060872
21,2022-11-25,1768.8,76.28,9068.925297810001,1.2121043891449998
22,2022-11-23,1760.4,77.94,8879.581974679999,1.189076522938
23,2022-11-22,1754.8,80.95,8814.9210384,1.182450625664
24,2022-11-21,1754.6,79.73,8768.39685345,1.188035250156
25,2022-11-18,1769.0,80.08,8759.337502800001,1.186257763832
26,2022-11-17,1763.0,81.64,8753.59342004,1.1907239212260001
27,2022-11-16,1775.8,85.59,8733.53717236,1.185836733555
28,2022-11-15,1774.7,86.92,8660.93436,1.175104006627
29,2022-11-14,1774.2,85.87,8713.85809021,1.1819513145629998
30,2022-11-11,1774.2,88.96,8558.90881652,1.17067194475
31,2022-11-10,1753.7,86.47,7827.23962768,1.136759328612
32,2022-11-08,1716.0,88.91,8599.197808449999,1.1512514533409999
33,2022-11-07,1680.5,91.79,8154.86633463,1.137764767348
34,2022-11-04,1685.7,92.61,8510.55884889,1.116547832565
35,2022-11-03,1637.7,89.35,8146.216712120001,1.138592369824
36,2022-11-02,1651.0,88.57,8802.128929,1.1485493897260002
37,2022-11-01,1636.4,86.21,8591.21548655,1.146694986792
38,2022-10-31,1648.3,86.53,8226.78151535,1.1617220646400002
39,2022-10-28,1648.3,87.9,8151.36331268,1.15582291604
40,2022-10-27,1668.8,88.26,8232.494822109998,1.162001921168
41,2022-10-26,1669.2,87.91,8087.836779679999,1.1456665514579998
42,2022-10-25,1658.0,85.32,7930.660833519999,1.1310558096830001
43,2022-10-24,1654.1,84.58,7957.154221309999,1.1312016103900002
44,2022-10-21,1656.3,85.14,7821.0546405800005,1.122152525142
45,2022-10-20,1636.8,85.98,7784.824444909999,1.121122351129
46,2022-10-19,1634.2,85.55,7855.9164057,1.13294811222
47,2022-10-18,1655.5,82.82,7875.94684904,1.135883200914
48,2022-10-17,1664.0,85.46,7781.23550008,1.1233177907
49,2022-10-14,1672.9,85.61,7753.114486889999,1.1322335104130001
50,2022-10-13,1672.9,89.11,7607.608450120001,1.110087623535
51,2022-10-11,1686.0,89.35,8169.228972940001,1.10595388915
52,2022-10-10,1675.2,91.13,7705.85606163,1.1071390115600002
53,2022-10-06,1720.9,88.45,8309.32202576,1.134151608904
54,2022-10-05,1720.8,87.76,8294.457491480001,1.14720546885
55,2022-10-03,1702.0,83.63,7908.79090813,1.113913926711
56,2022-09-30,1672.0,79.49,7699.99971664,1.1132085351449998
57,2022-09-29,1668.6,81.23,7456.890923999999,1.086536348074
58,2022-09-28,1670.0,82.15,7515.06014406,1.07223346076
59,2022-09-27,1636.2,78.5,7524.38705356,1.0685878549119998
60,2022-09-26,1633.4,76.71,7580.79353205,1.082564653082
61,2022-09-23,1655.6,78.74,7905.877374799999,1.125381798528
62,2022-09-22,1681.1,83.49,8058.71275488,1.127534903028
63,2022-09-21,1675.7,82.94,8236.85410312,1.1377845027359998
64,2022-09-20,1671.1,84.45,8230.719076520001,1.143615687714
65,2022-09-16,1683.5,85.11,8287.9163202,1.146389925704
66,2022-09-15,1677.3,85.1,8407.106122579999,1.1545498263040002
67,2022-09-14,1709.1,88.48,8373.3778168,1.14984527163
68,2022-09-13,1717.4,87.31,8633.8856935,1.1685147538960001
69,2022-09-12,1740.6,87.78,8687.3954622,1.1615536024279998
70,2022-09-09,1728.6,86.79,8469.6088112,1.15066467036
71,2022-09-08,1720.2,83.54,8626.206525149999,1.152163021635
72,2022-09-06,1712.9,86.88,8647.31343924,1.152471519216
73,2022-09-02,1722.6,86.87,8827.33989748,1.154203131648
74,2022-08-31,1726.2,89.55,8493.15136455,1.1655311755
75,2022-08-30,1736.3,91.64,8629.67812913,1.170802946425
76,2022-08-26,1749.8,93.06,8782.058771310001,1.1836534350519998
77,2022-08-25,1771.4,92.52,8819.92989424,1.179696599276
78,2022-08-24,1761.5,94.89,8840.87340978,1.183047246465
79,2022-08-23,1761.2,93.74,8810.892119609998,1.176186009922
80,2022-08-22,1748.4,90.23,8903.5083599,1.181461593516
81,2022-08-19,1762.9,90.77,9009.66776175,1.193451290136
82,2022-08-18,1771.2,90.5,9084.271452750001,1.204563385882
83,2022-08-17,1776.7,88.11,9092.69714925,1.2097675145500002
84,2022-08-16,1789.7,86.53,9086.159717460001,1.20557944848
85,2022-08-15,1798.1,89.41,9107.07459255,1.21346685642
86,2022-08-12,1815.5,92.09,9113.17808672,1.2194194054829999
87,2022-08-11,1807.2,94.34,8922.988782,1.221273266542
88,2022-08-09,1812.3,90.5,8776.01069644,1.207900263594
89,2022-08-08,1805.2,90.76,9023.38654861,1.206184816438
90,2022-08-04,1806.9,88.54,9309.52667568,1.214061806727
91,2022-08-03,1776.4,90.66,8456.518773,1.2173032723560002
92,2022-08-02,1789.7,94.42,9272.80108405,1.2253904485299998
93,2022-07-29,1781.8,98.62,9036.87539335,1.2174394353
94,2022-07-28,1769.2,96.42,8934.086336999999,1.215475265368
95,2022-07-27,1737.5,97.26,8844.976272240001,1.204112981625
96,2022-07-26,1735.7,94.98,8807.83744048,1.204943109888
97,2022-07-25,1737.1,96.7,8758.0325848,1.1989349402940002
98,2022-07-22,1745.3,94.7,8728.84987392,1.1989636871949998
99,2022-07-21,1731.3,96.35,8704.072809250001,1.196864793156
100,2022-07-20,1717.7,102.26,8719.72177281,1.200287497766
101,2022-07-19,1728.1,104.22,8717.80693612,1.19477574846
102,2022-07-18,1710.2,102.6,8587.233302159999,1.188024816384
103,2022-07-15,1703.6,97.59,8476.01011564,1.1837824684920002
104,2022-07-14,1705.8,95.78,8351.8897878,1.18572123005
105,2022-07-13,1735.5,96.3,8500.15737675,1.188083797902
106,2022-07-12,1724.8,95.84,8912.84008386,1.189058034744
107,2022-07-11,1731.7,104.09,8772.12788337,1.20219668174
108,2022-07-07,1739.7,102.73,8571.691054679999,1.1924669781630002
109,2022-07-06,1736.5,98.53,9080.06784202,1.1956554059820002
110,2022-07-01,1801.5,108.43,9102.74421408,1.217631733832
111,2022-06-30,1807.3,105.76,8697.627110399999,1.2118213614
112,2022-06-29,1817.5,109.78,8913.54989664,1.218338791811
113,2022-06-28,1821.2,111.76,8983.905336580001,1.226456371504
114,2022-06-27,1824.8,109.57,8914.9952484,1.2293979700080002
115,2022-06-24,1830.3,107.62,8838.54892956,1.225238348242
116,2022-06-23,1829.8,104.27,8600.647988249999,1.226076391134
117,2022-06-22,1838.4,106.19,8696.083872860001,1.227820039938
118,2022-06-21,1838.8,110.65,8762.51285875,1.22465684796
119,2022-06-17,1840.6,109.56,8668.457598750001,1.235793044304
120,2022-06-16,1849.9,117.59,8576.798181319999,1.2171548790389999
121,2022-06-15,1819.6,115.31,8737.24922319,1.199524277958
122,2022-06-14,1813.5,118.93,8729.00485842,1.213688531896
123,2022-06-13,1831.8,120.93,8845.06692271,1.229483544717
124,2022-06-10,1875.5,120.67,8741.66841919,1.24969396965
125,2022-06-09,1852.8,121.51,9154.96347276,1.25411618052
126,2022-06-07,1852.1,119.41,8901.40154396,1.2523146115000001
127,2022-06-06,1843.7,118.5,9504.416670600001,1.2496120541100002
128,2022-06-01,1848.7,115.26,9394.104479669999,1.260477238034
129,2022-05-31,1848.4,114.67,9621.422817319999,1.2655696059000001
130,2022-05-27,1857.3,115.07,9570.83278764,1.261772886168
131,2022-05-26,1853.9,114.09,9521.2839612,1.258956836104
132,2022-05-25,1852.5,110.33,9435.755234,1.254438054547
133,2022-05-24,1871.4,109.77,9405.99428425,1.256872587763
134,2022-05-23,1853.9,110.29,9394.850456639999,1.25065376185
135,2022-05-20,1848.4,113.23,9209.5039257,1.246957951308
136,2022-05-19,1847.8,112.21,9015.83865742,1.23439018505
137,2022-05-18,1822.4,109.59,9286.00164151,1.2488392724500001
138,2022-05-17,1818.9,112.4,9266.238563050001,1.232525646265
139,2022-05-16,1814.0,114.2,9150.732544800001,1.225274203134
140,2022-05-13,1808.2,110.49,9054.6977441,1.220321254943
141,2022-05-12,1824.6,106.13,9258.28735434,1.224793879685
142,2022-05-10,1841.0,99.76,8702.100870839999,1.23403862774
143,2022-05-09,1858.6,103.09,8982.96718838,1.2327696656620002
144,2022-05-05,1875.7,108.26,9467.731131780001,1.262985090642
145,2022-05-04,1868.8,107.81,9517.46216252,1.249322415066
146,2022-04-29,1911.7,104.69,9403.41395175,1.246161307358
147,2022-04-28,1891.3,105.36,9417.920969339999,1.254147867297
148,2022-04-27,1888.7,102.02,9344.387623999999,1.257365540484
149,2022-04-26,1904.1,101.7,9409.99867381,1.273731122712
150,2022-04-25,1896.0,98.54,9469.88230752,1.283148440808
151,2022-04-22,1934.3,102.07,9797.93593168,1.3030092209760002
152,2022-04-21,1948.2,103.79,9968.8305519,1.30630270011
153,2022-04-20,1955.6,102.75,9928.45328984,1.300569778459
154,2022-04-19,1959.0,102.56,9889.128456960001,1.30129832469
155,2022-04-14,1974.9,106.95,9992.88858588,1.3115680619549999
156,2022-04-13,1984.7,104.25,9856.973104,1.3001523599679998
157,2022-04-11,1948.2,94.29,9558.910184800001,1.303467439196
158,2022-04-08,1945.6,98.26,9734.115399979999,1.307119444545
159,2022-04-07,1937.8,96.03,9454.57070855,1.3069766445120001
160,2022-04-05,1927.5,101.96,9827.3449501,1.3111569182920002
161,2022-04-04,1934.0,103.28,9905.02735392,1.3104560690640001
162,2022-04-01,1923.7,99.27,9867.020704999999,1.31414720766
163,2022-03-31,1954.0,100.28,9874.76176384,1.313813445756
164,2022-03-30,1939.0,107.82,9923.463674999999,1.310036502208
165,2022-03-29,1918.0,104.24,9876.4958355,1.3094651624640001
166,2022-03-28,1944.7,105.96,9846.81103878,1.3171559184900001
167,2022-03-25,1959.8,113.9,9874.84157625,1.31916334024
168,2022-03-24,1967.7,112.34,9861.44443014,1.320485307645
169,2022-03-23,1942.6,114.93,9897.622407609999,1.32664877424
170,2022-03-22,1926.7,111.76,9845.561720880001,1.31673305252
171,2022-03-21,1934.8,112.12,9794.810400760001,1.31828017167
172,2022-03-18,1933.9,104.7,9744.92827393,1.3152675009450001
173,2022-03-17,1948.2,102.98,9705.16391808,1.3149346377880002
174,2022-03-16,1909.2,95.04,9513.08302032,1.30429797432
175,2022-03-15,1929.7,96.44,9336.9132045,1.300883944548
176,2022-03-14,1960.8,103.01,9387.6941541,1.3037652037740002
177,2022-03-11,1985.0,109.33,9419.43441612,1.3090342356
178,2022-03-10,2000.4,106.02,9109.6491294,1.31810063883
179,2022-03-08,2043.3,123.7,9762.9989864,1.31071849282
180,2022-03-03,1935.9,107.67,9697.8294342,1.339444833166
181,2022-03-02,1922.3,110.6,10039.790957239999,1.33278894728
182,2022-02-28,1900.7,95.72,9974.11909775,1.3398358643669999
183,2022-02-25,1887.6,91.59,10015.85707342,1.337893484696
184,2022-02-24,1926.3,92.81,9762.92234874,1.355908227467
185,2022-02-23,1910.4,92.1,10189.54673648,1.35902234601
186,2022-02-22,1907.4,92.35,10189.135410210001,1.36564481878
187,2022-02-18,1899.8,91.07,10232.63377836,1.36167585754
188,2022-02-17,1902.0,91.76,10239.464383409999,1.359973442988
189,2022-02-16,1871.5,93.66,10296.3925547,1.356172141698
190,2022-02-15,1856.2,92.07,10297.0753468,1.3531052765600002
191,2022-02-14,1869.4,95.46,10220.08896117,1.360122297326
192,2022-02-11,1842.1,93.1,9681.58850106,1.355535470638
193,2022-02-09,1836.6,89.66,9864.243120829999,1.35467026908
194,2022-02-08,1827.9,89.36,10030.312344909999,1.353401096444
195,2022-02-03,1804.1,90.27,10078.212999120002,1.3562461860750001
196,2022-02-02,1810.3,88.26,10256.303237,1.3525300167740002
197,2022-01-31,1796.4,88.15,10004.78622143,1.340459235042
198,2022-01-28,1786.6,86.82,9995.81343024,1.338425725248
199,2022-01-27,1795.0,86.61,10174.152262309999,1.353685416736
200,2022-01-26,1832.0,87.35,10092.25542284,1.350984497289
201,2022-01-25,1855.0,85.6,9943.56142342,1.3487943257009998
202,2022-01-24,1844.2,83.31,9891.89248845,1.355216333528
203,2022-01-21,1834.1,85.14,10190.27066771,1.359313782321
204,2022-01-20,1844.9,86.9,10322.12912359,1.361190740208
205,2022-01-19,1845.5,86.96,10322.134931159999,1.359756131166
206,2022-01-18,1812.4,85.43,10322.733040000001,1.3644966809010002
207,2022-01-14,1816.5,83.82,10344.145169700001,1.371537469577
208,2022-01-13,1821.4,82.12,10370.03078615,1.37078844645
209,2022-01-12,1827.3,82.64,10304.69349623,1.36343673124
210,2022-01-11,1818.5,81.22,9759.02805096,1.357884932166
211,2022-01-07,1797.4,78.9,9701.78566995,1.3533112979820001
212,2022-01-06,1789.2,79.46,10211.403366749999,1.355651487275
213,2022-01-04,1814.6,76.99,10163.5540933,1.34819487936
214,2022-01-03,1800.1,76.08,9912.101685599999,1.3528473323199999
215,2021-12-31,1828.6,75.21,9967.92531998,1.34965056987
216,2021-12-30,1814.1,76.99,9993.16773579,1.34736819444
217,2021-12-29,1805.8,76.56,9968.42065632,1.343213951494
218,2021-12-23,1811.7,73.79,9844.905688019999,1.33497460894
219,2021-12-22,1802.2,72.76,9742.11852024,1.3265577963
220,2021-12-21,1788.7,71.12,9639.87861,1.3208735364
221,2021-12-20,1794.6,68.23,9522.59060032,1.326613507831
222,2021-12-17,1804.9,70.86,9686.252390079999,1.331485162949
223,2021-12-16,1798.2,72.38,9629.84143093,1.326539279991
224,2021-12-15,1764.5,70.87,9487.26795825,1.32305712335
225,2021-12-14,1772.3,70.73,9538.37161992,1.32127255218
226,2021-12-13,1788.3,71.29,9586.828479599999,1.327220395592
227,2021-12-10,1784.8,71.67,9429.023282229999,1.32237491822
228,2021-12-08,1785.5,72.36,9528.217197069998,1.324573592595
229,2021-12-07,1784.7,72.05,9451.41360312,1.3258259075519998
230,2021-12-03,1783.9,66.26,8992.74833853,1.330158351808
231,2021-12-02,1762.7,66.5,8751.24112,1.3276237444
232,2021-12-01,1784.3,65.57,8980.21737723,1.3294284548720001
233,2021-11-30,1776.5,66.18,9399.692972249999,1.33100357818
234,2021-11-29,1785.2,69.95,9485.3700751,1.33356436271
235,2021-11-26,1788.1,68.15,9378.53424648,1.331671662402
236,2021-11-24,1786.9,78.39,9746.15248672,1.337664028064
237,2021-11-23,1786.3,78.5,9735.64966116,1.3394356303650001
238,2021-11-22,1809.1,76.75,9747.376758839999,1.344622196214
239,2021-11-19,1854.3,76.1,9751.56667505,1.3501260385199998
240,2021-11-18,1864.0,79.01,9789.48001744,1.34942671539
241,2021-11-17,1872.8,78.36,9788.1589344,1.3424371755599998
242,2021-11-16,1854.1,80.76,9824.30910874,1.3413710495950002
243,2021-11-15,1866.6,80.88,9864.03467316,1.341231175728
244,2021-11-11,1863.9,81.59,9904.20864532,1.3406356992
245,2021-11-10,1848.3,81.34,9691.128600000002,1.3560968388239998
246,2021-11-08,1828.0,81.93,9740.88581778,1.3498258256039999
247,2021-11-05,1816.8,81.27,9385.761771399999,1.350429292831
248,2021-11-03,1763.9,80.86,9173.981173440001,1.3616183043
249,2021-11-02,1789.4,83.91,8915.241366240001,1.365503958832
250,2021-11-01,1795.8,84.05,9302.536944479998,1.369204990206
251,2021-10-29,1783.9,83.57,9988.36770504,1.379926575696
252,2021-10-28,1802.6,82.81,9955.60290789,1.3727531063720002
253,2021-10-27,1798.8,82.66,9984.95302778,1.376476365687
254,2021-10-26,1793.4,84.65,10017.23638328,1.376389960986
255,2021-10-25,1806.8,83.71,9940.57214986,1.3758570560799999
256,2021-10-22,1796.3,83.76,9935.938995999999,1.379392429982
257,2021-10-21,1781.9,82.5,9939.15169,1.382464878607
258,2021-10-20,1784.9,83.87,9962.966292000001,1.37925359104
259,2021-10-19,1770.5,82.96,9914.32399685,1.373428824284
260,2021-10-18,1765.7,82.44,9913.61548897,1.376480484852
261,2021-10-15,1768.3,82.28,9888.09433058,1.367309775404
262,2021-10-14,1797.9,81.31,9852.384576330001,1.365874699924
263,2021-10-13,1794.7,80.44,9697.76310888,1.358405658432
264,2021-10-12,1759.3,80.64,9910.002985699999,1.359325651194
265,2021-10-11,1755.7,80.52,9994.759288399999,1.3616641282089998
266,2021-10-08,1757.4,79.35,9753.52982808,1.36200502308
267,2021-10-06,1761.8,77.43,9659.55197042,1.362579071011
268,2021-10-05,1760.9,78.93,9693.53331264,1.3609168270199998
269,2021-09-30,1757.0,75.03,9514.52512164,1.3427925176250002
270,2021-09-29,1722.9,74.83,9626.04086784,1.3543196243239999
271,2021-09-28,1737.5,75.29,9629.6425803,1.369468620135
272,2021-09-27,1752.0,75.45,9654.989713599998,1.3663956790079999
273,2021-09-24,1751.7,73.98,9676.39343,1.3725478923719998
274,2021-09-23,1749.8,73.3,9638.66705685,1.36206
275,2021-09-22,1778.8,72.23,9674.09132739,1.365804585348
276,2021-09-21,1778.2,70.56,9537.9035446,1.365947556576
277,2021-09-20,1763.8,70.29,9478.83369706,1.372744236351
278,2021-09-17,1751.4,71.97,9607.74107164,1.379236091892
279,2021-09-16,1756.7,72.57,9732.272722239999,1.3844996920350001
280,2021-09-15,1794.8,72.61,9689.948102249999,1.381066948506
281,2021-09-14,1807.1,70.46,9733.837738900002,1.383870078162
282,2021-09-13,1794.4,70.45,9783.29379969,1.384021493204
283,2021-09-09,1800.0,68.14,9670.693504859999,1.377539414944
284,2021-09-08,1793.5,69.3,9828.166754,1.378178646678
285,2021-09-07,1798.5,68.35,9856.318704120002,1.3838474809739998
286,2021-09-03,1833.7,69.29,9312.64358154,1.383639147112
287,2021-09-02,1811.5,69.99,8995.02929584,1.377030253521
288,2021-08-31,1818.1,68.5,9797.0347062,1.375092323948
289,2021-08-27,1819.5,68.74,9794.47492638,1.370201397015
290,2021-08-26,1795.2,67.42,9808.617966959999,1.376379111585
291,2021-08-25,1791.0,68.36,9813.91150624,1.372965419277
292,2021-08-24,1808.5,67.54,9779.96203128,1.372494603168
293,2021-08-23,1806.3,65.64,9686.238802560001,1.363066618025
294,2021-08-20,1784.0,62.32,9661.4101715,1.363275490296
295,2021-08-19,1783.1,63.69,9701.57012452,1.375510945248
296,2021-08-18,1784.4,65.46,9850.94679144,1.373938955095
297,2021-08-17,1787.8,66.59,9940.631045249998,1.384330854872
298,2021-08-16,1789.8,67.29,9918.177716279999,1.38654513639
299,2021-08-13,1778.2,68.44,9970.17906618,1.381012214874
300,2021-08-12,1751.8,69.09,10174.23587565,1.386927748235
301,2021-08-11,1753.3,69.25,10100.8626416,1.3836230752499998
302,2021-08-10,1731.7,68.29,9826.676863850002,1.3847178791419998
303,2021-08-09,1726.5,66.48,9840.414493909999,1.3862419517120002
304,2021-08-06,1763.1,68.28,9881.74335822,1.392739791947
305,2021-08-04,1814.5,68.15,9662.09848936,1.391635101578
306,2021-08-03,1814.1,70.56,9334.71933075,1.389015577312
307,2021-08-02,1822.2,71.26,9065.24080566,1.389662494475
308,2021-07-30,1817.2,73.95,9820.1357859,1.396367384776
309,2021-07-29,1835.8,73.62,9843.8525177,1.390483036653
310,2021-07-28,1804.6,72.39,9740.99096336,1.388182268736
311,2021-07-27,1804.0,71.65,9674.9839732,1.381966484514
312,2021-07-26,1803.4,71.91,9665.45311083,1.375881573816
313,2021-07-23,1805.9,72.07,9679.7184162,1.377409449207
314,2021-07-22,1809.2,71.91,9556.3544932,1.371573972876
315,2021-07-21,1807.4,70.3,9540.94407756,1.362770844602
316,2021-07-20,1811.4,67.42,9406.49094774,1.366972916925
317,2021-07-19,1809.2,66.42,9420.52941893,1.376109872969
318,2021-07-16,1815.0,71.81,9691.99925157,1.382870124792
319,2021-07-15,1829.0,71.65,9717.320424180001,1.385937879696
320,2021-07-14,1825.0,73.13,9790.13236995,1.381056170428
321,2021-07-13,1809.9,75.25,9894.07016512,1.388490477865
322,2021-07-12,1805.9,74.1,10202.101344899998,1.38991358265
323,2021-07-09,1810.6,74.56,9859.567478339999,1.37915361495
324,2021-07-07,1802.1,72.2,9872.462228340002,1.3803509132160001
325,2021-07-06,1794.2,73.37,9806.31634474,1.3857298288
326,2021-07-01,1776.8,75.23,9482.5928384,1.382975448732
327,2021-06-30,1771.6,73.47,9741.79378425,1.3829145023609999
328,2021-06-29,1763.6,72.98,9836.8531703,1.3877952645359999
329,2021-06-28,1780.7,72.91,9827.93425282,1.3892063781750001
330,2021-06-25,1777.8,74.05,9931.21153044,1.392178353252
331,2021-06-24,1776.7,73.3,9930.822157620001,1.396504872348
332,2021-06-23,1783.4,73.08,9868.257107520001,1.395143082487
333,2021-06-22,1777.4,73.06,9873.1225254,1.3934485285979998
334,2021-06-21,1782.9,73.66,9758.05084048,1.382188450279
335,2021-06-18,1769.0,71.64,9781.39880408,1.393201389396
336,2021-06-17,1774.8,71.04,10008.15646353,1.3990108183740002
337,2021-06-16,1861.4,72.15,10117.50889735,1.408040756382
338,2021-06-15,1856.4,72.12,10120.32624512,1.410896970075
339,2021-06-14,1865.9,70.88,10090.61903908,1.41151041326
340,2021-06-10,1896.4,70.29,9872.80260771,1.4116101389159998
341,2021-06-09,1895.5,69.96,10169.77345384,1.415006407481
342,2021-06-08,1894.4,70.05,10097.8928052,1.41769736892
343,2021-06-07,1898.8,69.23,10057.90655928,1.416061675872
344,2021-06-04,1892.0,69.62,9627.988108700001,1.4108976289500001
345,2021-06-01,1905.0,67.72,9733.76370108,1.421545537748
346,2021-05-28,1905.3,66.32,9974.73265614,1.42015420983
347,2021-05-27,1898.5,66.85,9909.05040804,1.41321862592
348,2021-05-26,1903.8,66.21,9938.798441910001,1.41430679488
349,2021-05-25,1900.5,66.07,9951.43399211,1.415570802862
350,2021-05-24,1886.7,66.05,9972.972066330001,1.414400764284
351,2021-05-21,1878.9,63.58,9955.525008,1.419176243265
352,2021-05-20,1883.9,62.05,9902.228090640001,1.4112094122980001
353,2021-05-19,1881.5,63.36,9860.9576604,1.4186921437
354,2021-05-18,1868.0,65.49,9952.514046080001,1.414146650512
355,2021-05-17,1867.6,66.27,9917.577380150002,1.410129073886
356,2021-05-14,1838.1,65.37,9896.87780046,1.404753243264
357,2021-05-13,1824.0,63.82,9793.02537543,1.4087680490520003
358,2021-05-11,1836.1,65.28,10321.43038688,1.4120262165000002
359,2021-05-10,1837.6,64.92,9937.097652,1.403185130244
360,2021-05-07,1831.3,64.9,9958.178823139999,1.3895470660320002
361,2021-05-05,1784.3,65.63,9776.2643116,1.388806841988
362,2021-05-03,1791.8,64.49,9163.239399080001,1.3816410560399999
363,2021-04-30,1767.7,63.58,9724.864376040001,1.3943545997940001
364,2021-04-29,1768.3,65.01,9715.94967604,1.395152362251
365,2021-04-28,1773.9,63.86,9681.98036652,1.390340873669
366,2021-04-27,1778.8,62.94,9650.48029308,1.3893070433219998
367,2021-04-26,1780.1,61.91,9655.31286432,1.386953333473
368,2021-04-23,1777.8,62.14,9603.14744256,1.3837694167320003
369,2021-04-22,1782.0,61.43,9666.251894399998,1.392944236749
370,2021-04-21,1793.1,61.35,9611.23440636,1.393482577278
371,2021-04-20,1778.4,62.67,9599.592320079999,1.3990338616950002
372,2021-04-19,1770.6,63.38,9673.0255476,1.382744172475
373,2021-04-16,1780.2,63.13,9676.7730815,1.3782712615300001
374,2021-04-15,1766.8,63.46,9622.7252705,1.378243325295
375,2021-04-14,1736.3,63.15,9548.6538926,1.375862782152
376,2021-04-13,1747.6,60.18,9477.06280767,1.374855262095
377,2021-04-08,1758.2,59.6,9790.90495452,1.3735983712959998
378,2021-04-06,1743.0,59.33,9835.869325040001,1.390181050874
379,2021-04-05,1728.8,58.65,9575.61642942,1.38238391298
380,2021-04-01,1728.4,61.45,9060.16463688,1.377720483752
381,2021-03-31,1715.6,59.16,9228.99218395,1.373326602992
382,2021-03-30,1686.0,60.55,9328.6291606,1.377396391568
383,2021-03-29,1714.6,61.56,9289.858783169999,1.379076005172
384,2021-03-26,1734.7,60.97,9267.71133749,1.374568363608
385,2021-03-25,1727.3,58.56,9137.094689040001,1.368206463615
386,2021-03-24,1735.5,61.18,9217.07991138,1.374044476728
387,2021-03-23,1727.5,57.76,9286.758836689998,1.386298227512
388,2021-03-22,1740.4,61.55,9303.945086,1.3839000973839999
389,2021-03-19,1743.9,61.42,9341.91892726,1.3925087952930002
390,2021-03-18,1734.6,60.0,9475.179072800001,1.396321989608
391,2021-03-17,1727.1,64.6,9401.60585007,1.3901823799500002
392,2021-03-16,1730.9,64.8,9456.41918232,1.38986107295
393,2021-03-15,1729.2,65.39,9402.0081144,1.391962017888
394,2021-03-12,1719.8,65.61,9964.075823759998,1.3990097263739998
395,2021-03-11,1722.6,66.02,10098.76210794,1.39321706914
396,2021-03-09,1716.9,64.01,9867.77664435,1.382603186653
397,2021-03-08,1678.0,65.05,9844.03710496,1.382812252554
398,2021-03-03,1715.8,61.28,9315.60503406,1.395187930233
399,2021-03-02,1733.6,59.75,9065.08088464,1.3929032306790001
400,2021-02-26,1728.8,61.5,9082.08599545,1.40162888501
401,2021-02-25,1775.4,63.53,9411.37261092,1.414569695316
402,2021-02-24,1797.9,63.22,9402.67206807,1.4106935375319998
403,2021-02-23,1805.9,61.67,9323.51257062,1.407233402344
404,2021-02-22,1808.4,61.49,9277.733127599999,1.400560358197
405,2021-02-19,1777.4,59.24,9252.07343892,1.3967374217100001
406,2021-02-18,1775.0,60.52,9175.578407399998,1.3865977242479999
407,2021-02-17,1772.8,61.14,9320.178450799998,1.389715904585
408,2021-02-16,1799.0,60.05,9390.896963939998,1.390776014082
409,2021-02-12,1823.2,59.47,9845.61724025,1.381045700834
410,2021-02-11,1826.8,58.24,10062.9536806,1.383087318435
411,2021-02-09,1837.5,58.36,9847.282023,1.374162463888
412,2021-02-08,1834.2,57.97,9729.37681984,1.373721173176
413,2021-02-03,1835.1,55.69,9033.9459925,1.366492568526
414,2021-02-02,1833.4,54.76,8913.97565205,1.367484082224
415,2021-01-29,1850.3,52.2,8794.24525746,1.3726467081
416,2021-01-28,1841.2,52.34,8920.8685333,1.366777529208
417,2021-01-27,1848.9,52.85,9024.58432235,1.374096611248
418,2021-01-26,1854.8,52.61,9102.01362499,1.3673269739279998
419,2021-01-25,1859.0,52.77,9087.390657,1.368641842743
420,2021-01-22,1859.9,52.27,9191.97627129,1.373156390349
421,2021-01-21,1869.3,53.13,9178.95839616,1.365658109465
422,2021-01-20,1870.2,53.24,9196.749885360001,1.3635874572839999
423,2021-01-19,1840.2,52.98,9117.0185058,1.357961812675
424,2021-01-15,1829.9,52.36,9216.89634273,1.36824863951
425,2021-01-14,1851.4,53.57,9284.17885692,1.3638766574730001
426,2021-01-13,1854.9,52.91,9221.490098080001,1.3722344788079999
427,2021-01-12,1844.2,53.21,9695.00168748,1.363401960105
428,2021-01-11,1850.8,52.25,9851.4810075,1.3557849941790001
429,2021-01-07,1913.6,50.83,9708.23000448,1.3586499964779999
430,2021-01-06,1908.6,50.63,9650.3483593,1.358283353427
431,2021-01-04,1946.6,47.62,9219.456066,1.367320921774
432,2020-12-31,1895.1,48.52,8806.115154320001,1.3668968378219999
433,2020-12-30,1893.4,48.4,8850.2914418,1.353717510888
434,2020-12-29,1882.9,48.0,8891.1416953,1.3458209438320001
435,2020-12-24,1883.2,48.23,8781.2946183,1.349954362789
436,2020-12-23,1878.1,48.12,8703.941238,1.334367950256
437,2020-12-22,1870.3,47.02,8679.20335464,1.350184776975
438,2020-12-21,1882.8,47.74,8599.1199824,1.3533909238100001
439,2020-12-18,1888.9,49.1,8860.214785240001,1.3569420944
440,2020-12-17,1890.4,48.36,8845.85046058,1.3536683124480002
441,2020-12-16,1859.1,47.82,8834.24023677,1.34449635645
442,2020-12-15,1855.3,47.62,8682.80267888,1.3288376863200002
443,2020-12-14,1832.1,46.99,8699.247957919999,1.3227875175919999
444,2020-12-11,1843.6,46.57,8434.37804004,1.330125134908
445,2020-12-10,1837.4,46.78,8022.056648760001,1.3328006752000001
446,2020-12-08,1874.9,45.6,8388.59492856,1.33215441464
447,2020-12-03,1841.1,45.64,7002.914045959999,1.3367239512000002
448,2020-12-02,1830.2,45.28,10113.11361368,1.338734343008
449,2020-11-30,1780.9,45.34,8354.02811229,1.331052690576
450,2020-11-27,1788.1,45.53,8503.59744616,1.33571396972
451,2020-11-25,1811.2,45.71,8540.58612643,1.338019271163
452,2020-11-24,1810.9,44.91,8573.48441819,1.333369958492
453,2020-11-23,1844.1,43.06,8427.256459920001,1.3287789057239998
454,2020-11-20,1872.4,42.15,8415.1885398,1.328637067375
455,2020-11-19,1861.5,41.74,8397.099405750001,1.326912981219
456,2020-11-18,1873.9,41.82,8466.24079792,1.32595424381
457,2020-11-17,1885.1,41.43,8416.29661397,1.320480339824
458,2020-11-16,1887.8,41.34,8489.27928708,1.319917928325
459,2020-11-13,1886.2,40.13,8288.139567960001,1.312058150071
460,2020-11-12,1873.3,41.12,8657.54658825,1.32213513384
461,2020-11-11,1861.6,41.45,8463.647443400001,1.32931878662
462,2020-11-09,1854.4,40.29,7950.662577489999,1.315287986502
463,2020-11-06,1951.7,37.14,7984.4191980000005,1.31345739836
464,2020-11-05,1946.8,38.79,7701.9290964,1.299572474284
465,2020-11-03,1910.4,37.66,7594.7556828,1.292790012459
466,2020-11-02,1892.5,36.81,9694.33110256,1.295019404836
467,2020-10-30,1879.9,35.79,7212.486523110001,1.292821009995
468,2020-10-29,1868.0,36.17,7250.626269,1.29876519915
469,2020-10-28,1879.2,37.39,7275.4268008,1.299695927302
470,2020-10-27,1911.9,39.57,7456.710159249999,1.3050195351
471,2020-10-26,1905.7,38.56,7561.27212666,1.30487493682
472,2020-10-23,1905.2,39.85,7664.1034854,1.30937603103
473,2020-10-22,1904.6,40.64,7597.7040087,1.31612407056
474,2020-10-21,1929.5,40.03,7482.901206,1.292623386786
475,2020-10-20,1915.4,41.46,7625.75663374,1.294737751688
476,2020-10-19,1911.7,40.83,7607.52840375,1.292373982128
477,2020-10-16,1906.4,40.88,7637.47763348,1.293704272245
478,2020-10-15,1908.9,40.96,7589.484994720001,1.301131381984
479,2020-10-14,1907.3,41.04,7677.160356620001,1.289844776924
480,2020-10-13,1894.6,40.2,7799.87384325,1.30649524257
481,2020-10-12,1928.9,39.43,8600.60263944,1.303200230656
482,2020-10-09,1926.2,40.6,7768.57223272,1.2970656730799999
483,2020-10-08,1895.1,41.19,7815.885936039999,1.291829295562
484,2020-10-07,1890.8,39.95,7852.887374479999,1.2880590150790001
485,2020-10-06,1908.8,40.67,8223.17278554,1.302150565114
486,2020-10-02,1907.6,37.05,9596.25063376,1.292163275424
487,2020-10-01,1916.3,38.72,9801.6507646,1.2918274882560001
488,2020-09-30,1895.5,40.22,7547.641029400001,1.28646643692
489,2020-09-29,1903.2,39.29,7592.1407275,1.284800858262
490,2020-09-28,1882.3,40.6,7568.08745619,1.275909312093
491,2020-09-25,1866.3,40.25,7453.523332350001,1.2795379080120002
492,2020-09-24,1876.9,40.31,7405.102996659999,1.275194164338
493,2020-09-23,1868.4,39.93,7518.0464403000005,1.273945302915
494,2020-09-22,1907.6,39.6,7473.665022460001,1.2819445861410002
495,2020-09-21,1910.6,39.31,7506.54895404,1.293652294713
496,2020-09-18,1962.1,41.11,7794.477762750001,1.2977858970899998
497,2020-09-17,1949.9,40.97,7840.69632,1.300090008888
498,2020-09-16,1970.5,40.16,7831.98167496,1.2846676139
499,2020-09-15,1966.2,38.28,7845.41741718,1.284421237152
500,2020-09-14,1963.7,37.26,7717.55322,1.2800274151709998
501,2020-09-11,1947.9,37.33,7923.585820699999,1.2855282904
502,2020-09-10,1964.3,37.3,7821.145618049999,1.300397047356
503,2020-09-09,1954.9,38.05,7797.745541159999,1.2969125511010002
504,2020-09-04,1934.3,39.77,7748.6817585,1.33057799322
505,2020-09-03,1937.8,41.37,7965.084465870001,1.3392076432039999
506,2020-09-01,1978.9,42.76,10154.52267024,1.336569665376
507,2020-08-28,1974.9,42.97,7871.66193006,1.3200709711799998
508,2020-08-27,1932.6,43.04,7931.87878018,1.3255053687299998
509,2020-08-26,1952.5,43.39,7951.2819408000005,1.31552696286
510,2020-08-25,1923.1,43.35,7891.205177379999,1.3072751815419998
511,2020-08-24,1939.2,42.62,7993.625032949999,1.3099819032270001
512,2020-08-21,1947.0,42.34,7934.70264426,1.325137977389
513,2020-08-20,1946.5,42.58,7883.9698072,1.3148493469120002
514,2020-08-19,1970.3,42.93,8100.81218002,1.3253404241
515,2020-08-18,2013.1,42.55,7965.160576560001,1.310462944274
516,2020-08-17,1998.7,42.89,8031.235607999999,1.310145205317
517,2020-08-14,1949.8,42.01,7960.00505212,1.3069843170720001
518,2020-08-13,1970.4,42.24,8071.00934724,1.3046511931920002
519,2020-08-12,1949.0,42.67,8559.74545268,1.305555091464
520,2020-08-10,2039.7,41.94,7802.68616281,1.3050644095080002
521,2020-08-07,2028.0,41.22,8087.975320319999,1.317492060352
522,2020-08-06,2069.4,41.95,8496.4394412,1.316450794186
523,2020-08-04,2021.0,41.7,7425.749768289999,1.3048308533250002
524,2020-07-31,1985.9,40.27,7736.5931016,1.3109401137
525,2020-07-30,1966.8,39.92,7776.48055754,1.301684471437
526,2020-07-29,1976.7,41.27,7924.13948604,1.2923729280840002
527,2020-07-28,1963.9,41.04,7900.462908500001,1.284944168926
528,2020-07-27,1955.4,41.6,7811.7495040799995,1.27877047936
529,2020-07-24,1897.5,41.29,7796.082146499999,1.277236456392
530,2020-07-23,1890.0,41.07,7907.11963992,1.2728976623550001
531,2020-07-22,1865.1,41.9,7902.1038325,1.272935995974
532,2020-07-21,1843.9,41.96,7938.575382749999,1.262163870765
533,2020-07-20,1817.4,40.81,7871.469499360001,1.2568622271119998
534,2020-07-17,1810.0,40.59,7900.302285,1.2598255029599998
535,2020-07-16,1800.3,40.75,7870.243779,1.26315786069
536,2020-07-15,1813.8,41.2,7909.41427185,1.2558491729280001
537,2020-07-14,1813.4,40.29,7756.686245499999,1.25597051148
538,2020-07-13,1814.1,40.1,7798.990098689999,1.262738313555
539,2020-07-10,1801.9,40.55,7495.301641250001,1.260864626554
540,2020-07-09,1803.8,39.62,7489.1513648,1.261334701152
541,2020-07-08,1820.6,40.9,7566.0427304,1.251772443261
542,2020-07-07,1809.9,40.62,7734.570975299999,1.24939321429
543,2020-07-02,1790.0,40.65,9307.084749299998,1.2471089963839999
544,2020-07-01,1779.9,39.82,9383.44725895,1.238845746041
545,2020-06-30,1800.5,39.27,7595.30161518,1.23100596351
546,2020-06-29,1781.2,39.7,7683.95117209,1.2335657831759999
547,2020-06-26,1780.3,38.49,7653.2074185,1.242514139366
548,2020-06-25,1770.6,38.72,7630.4141463000005,1.241410125051
549,2020-06-24,1775.1,38.01,7669.854364409999,1.2559285407860001
550,2020-06-23,1782.0,40.37,7901.13593872,1.253051609274
551,2020-06-22,1766.4,40.46,7710.93171144,1.233814966314
552,2020-06-19,1753.0,39.75,7819.7133384,1.242933128481
553,2020-06-18,1731.1,38.84,7812.900797039999,1.255143293361
554,2020-06-17,1735.6,37.96,7869.783910749999,1.25359880135
555,2020-06-16,1736.5,38.38,7889.481932250001,1.265279486176
556,2020-06-15,1727.2,37.12,7586.1876772000005,1.25002665008
557,2020-06-11,1739.8,36.34,7512.037301360001,1.2709264833400002
558,2020-06-10,1720.7,39.6,7563.16508202,1.271176751697
559,2020-06-08,1705.1,38.19,7669.715089679999,1.27150306374
560,2020-06-05,1683.0,39.55,7381.04696032,1.263631422729
561,2020-06-04,1727.4,37.41,7019.933578460001,1.257411380764
562,2020-06-03,1704.8,37.29,8130.837894849999,1.2616069751180001
563,2020-06-02,1734.0,36.81,9371.26129216,1.2487461692100001
564,2020-06-01,1750.3,35.44,9354.029832,1.2345866340429998
565,2020-05-29,1736.9,35.49,7487.2766134,1.228100092445
566,2020-05-28,1728.3,33.71,7627.233996780001,1.22394204982
567,2020-05-27,1726.8,32.81,7578.9446635,1.233337430809
568,2020-05-26,1728.2,34.35,7403.498483120001,1.21588397973
569,2020-05-22,1734.6,33.25,7325.8558416,1.2223048971700001
570,2020-05-21,1721.9,33.92,7360.807287750001,1.219363078432
571,2020-05-20,1750.6,33.49,7435.8809602,1.220931833166
572,2020-05-19,1745.6,32.5,7322.738606689999,1.219771758321
573,2020-05-18,1734.4,31.82,7310.180707840001,1.2088721919119998
574,2020-05-15,1753.4,29.43,7095.38642007,1.223275793472
575,2020-05-14,1740.9,27.56,7028.534898700001,1.2225883393780002
576,2020-05-13,1716.4,25.29,7235.3542345,1.22568399458
577,2020-05-11,1698.0,24.14,7333.951765559999,1.240632867192
578,2020-05-08,1709.9,24.74,7555.15873896,1.237334940416
579,2020-05-06,1688.5,23.99,8069.1926060000005,1.24092879135
580,2020-05-05,1710.6,24.56,7279.924908100001,1.246744986368
581,2020-04-30,1694.2,18.84,7359.67634787,1.247563572816
582,2020-04-29,1703.4,15.06,7604.71086625,1.2434214394419998
583,2020-04-28,1722.2,12.34,7402.0479195,1.249594556826
584,2020-04-27,1723.8,12.78,7230.491321400001,1.2369945171289998
585,2020-04-24,1723.5,16.94,7105.29254952,1.2355091352349998
586,2020-04-23,1745.4,16.5,7180.667551119999,1.234171207902
587,2020-04-22,1738.3,13.78,7097.072782430001,1.241247858816
588,2020-04-21,1687.8,9.06,7018.998244279999,1.24397846656
589,2020-04-20,1711.2,-37.63,7258.77727533,1.249104469746
590,2020-04-17,1689.2,18.27,7226.651482720001,1.248453957344
591,2020-04-16,1731.7,19.75,7047.340317710001,1.244196146304
592,2020-04-15,1740.2,19.87,7067.738428899999,1.26953125047
593,2020-04-14,1768.9,20.11,7253.00768745,1.2416718610559998
594,2020-04-09,1736.2,22.76,7186.863633880001,1.253880269385
595,2020-04-08,1684.3,25.09,7447.621212,1.219851112405
596,2020-04-06,1677.0,26.08,7749.341143039999,1.22207983254
597,2020-04-03,1633.7,28.34,8447.88972705,1.238654550114
598,2020-04-02,1637.7,25.32,9212.26039734,1.2379790139640001
599,2020-03-31,1583.4,20.48,7017.14472144,1.2401640698610001
600,2020-03-30,1643.2,20.09,6928.63113306,1.245433967673
601,2020-03-27,1623.9,21.51,6722.94975079,1.24252164404
602,2020-03-26,1660.3,22.6,6892.308858949999,1.191942735885
603,2020-03-25,1634.3,24.49,6707.548192799999,1.178911368866
604,2020-03-24,1660.2,24.01,6314.9481255499995,1.177772271321
605,2020-03-23,1572.7,23.36,5804.41832256,1.1645539324079999
606,2020-03-20,1484.0,22.43,5966.48497242,1.166103380085
607,2020-03-19,1479.3,25.22,5988.92177974,1.162452759956
608,2020-03-18,1477.9,20.37,6158.5012557,1.221674496541
609,2020-03-17,1524.9,26.95,6495.0579187,1.2267457518859999
610,2020-03-16,1486.5,28.7,6387.272235959999,1.2271378778189999
611,2020-03-13,1516.7,31.73,6745.329056639999,1.2575514193600001
612,2020-03-12,1590.3,31.5,8319.36438167,1.281652084416
613,2020-03-11,1642.3,32.98,7470.558040440001,1.2906097399560001
614,2020-03-09,1675.7,31.13,7664.211188939999,1.305159767844
615,2020-03-06,1672.4,41.28,8265.65495388,1.30399223056
616,2020-03-04,1643.0,46.78,6943.125902,1.29061279854
617,2020-03-03,1642.1,47.18,8577.226713,1.276773648824
618,2020-03-02,1592.3,46.75,9382.84184855,1.2815571245400001
619,2020-02-28,1564.1,44.76,8481.69558412,1.28888792382
620,2020-02-27,1642.5,47.09,8772.0387196,1.2954007381459998
621,2020-02-26,1643.1,48.73,9157.598397329999,1.300342874166
622,2020-02-25,1650.0,49.9,9071.71872504,1.2957465799999999
623,2020-02-24,1676.6,51.43,9270.7428771,1.295708850894
624,2020-02-21,1644.6,53.38,9538.677445759999,1.288347171092
625,2020-02-20,1620.5,53.78,9614.274108,1.2916352404759999
626,2020-02-19,1611.8,53.29,9695.77400142,1.30065008382
627,2020-02-18,1600.0,52.12,9603.242044980001,1.300521555648
628,2020-02-14,1582.7,52.05,9666.558546659999,1.3055282856900001
629,2020-02-13,1578.8,51.42,9656.012584679998,1.295568070884
630,2020-02-12,1571.6,51.17,8374.33003384,1.29566630503
631,2020-02-11,1565.6,49.94,7305.22031031,1.291858627201
632,2020-02-10,1579.5,49.57,7608.76521496,1.288293543669
633,2020-02-07,1568.6,50.32,8068.941489,1.292743505064
634,2020-02-06,1570.0,50.95,8084.403039960001,1.299873455181
635,2020-02-04,1555.5,49.61,7122.90498456,1.299826948464
636,2020-02-03,1582.4,50.11,8772.24973174,1.320601081827
637,2020-01-31,1582.9,51.56,9536.658489,1.3087761717689999
638,2020-01-30,1589.2,52.14,9612.803075920001,1.3020048723
639,2020-01-29,1576.0,53.33,9747.02064792,1.3025967801229998
640,2020-01-28,1575.8,53.48,9769.87090828,1.306030855506
641,2020-01-27,1583.7,53.14,9681.4862931,1.3074938858599998
642,2020-01-24,1571.1,54.19,9952.74507216,1.312091517492
643,2020-01-23,1571.6,55.59,9868.644523250001,1.317677694146
644,2020-01-22,1556.7,56.74,9879.85635984,1.311434530543
645,2020-01-21,1556.4,58.34,9898.1643813,1.3042287734320002
646,2020-01-17,1558.8,58.54,10037.349810880001,1.307843012065
647,2020-01-16,1550.5,58.52,9924.113027010002,1.3077176529480001
648,2020-01-15,1554.0,57.81,9952.8592284,1.302090555765
649,2020-01-14,1544.6,58.23,9900.05300465,1.2989641714
650,2020-01-13,1550.6,58.08,9937.6391088,1.3064651475120002
651,2020-01-10,1557.5,59.04,7684.552859549999,1.30849754892
652,2020-01-09,1554.3,59.56,7682.292731650001,1.315010989699
653,2020-01-07,1574.3,62.7,8110.051793879999,1.31757520706
654,2020-01-06,1568.8,63.27,8065.739024199999,1.307588511096
655,2019-12-31,1519.5,61.06,9890.42419932,1.315851822934
656,2019-12-30,1518.6,61.68,9932.9051636,1.308510698296
657,2019-12-27,1518.1,61.72,9940.059522900001,1.302785237325
658,2019-12-24,1499.1,61.11,9879.919415519998,1.2941787119969999
659,2019-12-23,1488.7,60.52,9914.79898578,1.30020215424
660,2019-12-20,1474.7,60.44,9870.44784512,1.30492262628
661,2019-12-19,1478.2,61.18,9912.07787478,1.308605258197
662,2019-12-18,1478.7,60.93,9895.085261249998,1.309196026558
663,2019-12-17,1480.6,60.94,9987.897778879998,1.3291364859
664,2019-12-16,1480.5,60.21,10040.39047935,1.333657988454
665,2019-12-13,1475.6,60.07,9908.958942879999,1.347277435284
666,2019-12-12,1472.3,59.18,9601.0531347,1.319826184352
667,2019-12-11,1475.0,58.76,9671.772861759999,1.30959887201
668,2019-12-09,1464.9,59.02,9650.58055919,1.313471140884
669,2019-12-06,1459.1,59.2,9694.61646842,1.313132130046
670,2019-12-04,1480.2,58.43,9666.55672092,1.30074433021
671,2019-12-03,1478.2,56.1,9254.03862245,1.294000715046
672,2019-12-02,1469.2,55.96,9210.94521746,1.293494299051
673,2019-11-29,1472.7,55.17,9486.49337717,1.2911731483859998
674,2019-11-27,1453.4,58.11,9555.37318998,1.285865588
675,2019-11-26,1467.4,58.41,9548.007333360001,1.289656123791
676,2019-11-25,1463.8,58.01,9506.79916263,1.283282303137
677,2019-11-22,1468.8,57.77,9466.1652519,1.29180909132
678,2019-11-21,1470.5,58.58,9357.3314934,1.292693282994
679,2019-11-20,1470.0,57.11,9390.0364455,1.296961745904
680,2019-11-19,1473.3,55.21,9484.943523,1.294953785341
681,2019-11-18,1471.9,57.05,9442.447247099999,1.2885477545680002
682,2019-11-15,1467.3,57.72,9407.48664332,1.287663417638
683,2019-11-14,1473.4,56.77,9373.9678488,1.285392527946
684,2019-11-13,1463.3,57.12,9447.88536015,1.285141450811
685,2019-11-12,1452.1,56.8,9278.96454875,1.288764132348
686,2019-11-11,1457.1,56.86,9377.892925600001,1.27774797768
687,2019-11-07,1464.2,57.15,9655.21035796,1.28568953277
688,2019-11-06,1493.1,56.35,9529.6623039,1.28810346756
689,2019-11-04,1511.1,56.54,9597.054409949998,1.293672864246
690,2019-11-01,1508.0,56.2,8951.86202916,1.29328412784
691,2019-10-31,1514.8,54.18,9351.664169740001,1.290111117566
692,2019-10-30,1493.2,55.06,9432.2947026,1.286464715413
693,2019-10-29,1490.7,55.54,9393.97995744,1.285818139974
694,2019-10-28,1495.8,55.81,9407.52048984,1.2826807109220002
695,2019-10-25,1499.5,56.66,9404.817240690001,1.283869560204
696,2019-10-24,1504.7,56.23,9470.473353,1.291931474867
697,2019-10-23,1495.7,55.97,9355.29649298,1.28836015602
698,2019-10-22,1487.5,54.16,9355.81122832,1.2969344592960002
699,2019-10-21,1488.1,53.31,9241.260363719999,1.289547660063
700,2019-10-18,1488.2,53.78,9201.782510199999,1.287000314028
701,2019-10-17,1498.3,53.93,9210.4635216,1.282122705884
702,2019-10-16,1494.0,53.36,9146.7629488,1.27580457195
703,2019-10-15,1483.5,52.81,9095.154500280001,1.2608468746650001
704,2019-10-14,1497.6,53.59,9102.652555,1.26270309242
705,2019-10-10,1500.9,53.55,8776.701468,1.221358803984
706,2019-10-09,1512.8,52.59,8881.1151102,1.221895501086
707,2019-10-07,1504.4,52.75,9288.661804289999,1.233172837242
708,2019-10-04,1506.2,52.81,9160.36624503,1.234143382324
709,2019-10-01,1489.0,53.62,8532.78028713,1.2289136718
710,2019-09-30,1472.9,54.07,9107.03849257,1.229186975815
711,2019-09-27,1506.4,55.91,9157.987319580001,1.232747194042
712,2019-09-26,1515.2,56.41,9085.61143248,1.2357628660230002
713,2019-09-25,1512.3,56.49,9102.24506405,1.248520041972
714,2019-09-24,1532.1,57.29,9066.57238208,1.243285764
715,2019-09-23,1531.5,58.64,9137.043019519999,1.2472050640940002
716,2019-09-20,1507.3,58.09,9199.5490246,1.252380387888
717,2019-09-19,1506.2,58.13,9173.852986680002,1.2471590940000001
718,2019-09-18,1515.8,58.11,9144.5080373,1.250141401835
719,2019-09-17,1513.4,59.34,9098.188421599998,1.242358103063
720,2019-09-16,1503.1,62.9,9149.81500494,1.24981118592
721,2019-09-13,1490.9,54.85,9083.62876494,1.2328788500280001
722,2019-09-12,1507.4,55.09,8922.8058669,1.233484938078
723,2019-09-10,1499.2,57.4,8847.3094105,1.234449686613
724,2019-09-09,1511.1,57.85,8887.78160205,1.228282576047
725,2019-09-05,1525.5,56.3,8828.2844349,1.224478567
726,2019-09-04,1560.4,56.26,8977.84085508,1.209064234602
727,2019-08-30,1529.2,55.16,8783.029907,1.2183408579019999
728,2019-08-29,1536.9,56.71,8778.175760639999,1.2219338677459999
729,2019-08-28,1549.1,55.78,8739.140587200001,1.228362715958
730,2019-08-27,1551.8,54.93,8664.8492281,1.222137047716
731,2019-08-23,1537.6,54.17,8692.6985462,1.225456861904
732,2019-08-22,1497.3,55.35,8648.079052320001,1.213094717994
733,2019-08-21,1515.7,55.68,8761.71324898,1.2163386458519998
734,2019-08-20,1515.7,56.34,8643.700875,1.21262480778
735,2019-08-19,1511.6,56.21,8743.34055465,1.2157780421159998
736,2019-08-16,1523.6,54.87,8605.780211149999,1.208969644
737,2019-08-15,1531.2,54.47,8523.0967404,1.20603229208
738,2019-08-14,1527.8,55.23,8623.33109384,1.206107189793
739,2019-08-13,1514.1,57.1,8758.1808375,1.2078461860299998
740,2019-08-08,1509.5,52.54,8847.4796611,1.214191135896
741,2019-08-07,1507.3,51.09,9187.26530898,1.216689949039
742,2019-08-05,1464.6,54.69,8835.820994,1.214819104712
743,2019-08-02,1457.5,55.66,8573.3107674,1.212593637
744,2019-08-01,1432.4,53.95,8339.4308232,1.2153291791840002
745,2019-07-31,1437.8,58.58,9226.7383648,1.2163603904759999
746,2019-07-30,1441.8,58.05,9342.41830719,1.221718187994
747,2019-07-29,1433.3,56.87,9513.4865987,1.2378880509599999
748,2019-07-26,1432.2,56.2,9401.1841257,1.245280078539
749,2019-07-25,1427.5,56.02,9350.79038475,1.2484209169079998
750,2019-07-24,1436.5,55.88,9331.103601300001,1.243764781467
751,2019-07-23,1421.7,56.77,9427.09972454,1.2473489830820002
752,2019-07-22,1426.9,56.22,9403.30415519,1.250525544471
753,2019-07-19,1426.7,55.63,9417.3064182,1.2541328614760001
754,2019-07-18,1428.1,55.3,9317.447608479999,1.243246116924
755,2019-07-17,1421.3,56.78,9353.035558380001,1.24109053097
756,2019-07-16,1411.2,57.62,9485.1313828,1.251872456184
757,2019-07-15,1413.5,59.58,9468.85578884,1.257208428
758,2019-07-11,1406.7,60.2,9264.03391133,1.250827890373
759,2019-07-10,1412.5,60.43,8967.53638104,1.245929490542
760,2019-07-08,1400.0,57.66,9016.7460824,1.252469545611
761,2019-07-05,1400.1,57.51,9135.88570335,1.258227409452
762,2019-07-03,1420.9,57.34,9017.274743850001,1.259889539475
763,2019-07-02,1408.0,56.25,8969.56235396,1.2645111235420001
764,2019-07-01,1385.6,59.09,8646.098859520001,1.2691005135150002
765,2019-06-28,1409.7,58.47,9413.82758124,1.26743817115
766,2019-06-27,1412.0,59.43,9399.78212953,1.269654905367
767,2019-06-26,1411.6,59.38,9411.903224520001,1.26889266564
768,2019-06-25,1418.7,57.83,9455.92345738,1.273878789
769,2019-06-24,1418.2,57.9,9456.92500203,1.274528191626
770,2019-06-21,1400.1,57.43,9413.3991475,1.2706724459999998
771,2019-06-20,1396.9,56.65,9396.839003719999,1.265366884624
772,2019-06-19,1348.8,53.76,9303.732576400002,1.256719173336
773,2019-06-18,1350.7,53.9,9334.71838816,1.2541170782629998
774,2019-06-17,1342.9,51.93,9267.29710524,1.259182673001
775,2019-06-14,1344.5,52.51,9314.493114679999,1.268068485981
776,2019-06-13,1343.7,52.28,9353.23538094,1.269293451347
777,2019-06-12,1336.8,51.14,9212.05468938,1.272579643236
778,2019-06-11,1331.2,53.27,9387.206861399998,1.269071508848
779,2019-06-06,1342.7,52.59,9211.7187513,1.268583220274
780,2019-06-03,1327.9,53.25,9095.391396,1.263575189252
781,2019-05-31,1311.1,53.5,9030.7014587,1.2609352814199999
782,2019-05-30,1287.1,56.59,9116.139081199999,1.262818206972
783,2019-05-29,1286.3,58.81,9096.3526851,1.2657935960670001
784,2019-05-28,1282.5,59.14,9218.70772745,1.267892557029
785,2019-05-24,1289.2,58.63,9216.983046719999,1.266328152406
786,2019-05-23,1291.0,57.91,9157.50475264,1.2664684628729999
787,2019-05-22,1274.2,61.42,,
788,2019-05-21,1273.2,62.99,9329.070215040001,1.27311852574
789,2019-05-20,1277.3,63.1,9307.89073728,1.272651901772
790,2019-05-17,1275.7,62.76,9404.55076602,1.2797684347140001
791,2019-05-16,1286.2,62.87,9447.43667952,1.284675856757
792,2019-05-15,1297.8,62.02,9417.8522992,1.2906234233309999
793,2019-05-14,1296.3,61.78,9387.365737600001,1.295887299322
794,2019-05-13,1301.8,61.04,9320.42764656,1.300709677698
795,2019-05-09,1285.2,61.7,9461.26094634,1.301429524
796,2019-05-08,1281.4,62.12,9440.719535700002,1.306913525088
797,2019-05-07,1285.6,61.4,9894.07712706,1.3095764028180001
798,2019-05-06,1283.8,62.25,9495.04417386,1.316632256916
799,2019-05-03,1281.3,61.94,9362.32235446,1.303173092
800,2019-05-02,1272.0,61.81,9368.71436681,1.3052999832780001
801,2019-04-30,1282.8,63.91,9593.56108746,1.2929701696759999
802,2019-04-29,1281.5,63.5,9613.503855179999,1.291870143046
803,2019-04-26,1288.8,63.3,9579.445821329999,1.289654227506
804,2019-04-25,1279.7,65.21,9593.66298957,1.2904738279999999
805,2019-04-24,1279.4,65.89,9667.039811,1.2936333476600002
806,2019-04-23,1273.2,66.3,9766.03570515,1.298200743546
807,2019-04-18,1276.0,64.0,9727.19116792,1.3037839704090002
808,2019-04-17,1276.8,63.76,9747.31568292,1.304422791927
809,2019-04-16,1277.2,64.05,9787.63448816,1.310021207025
810,2019-04-15,1291.3,63.4,9730.30402869,1.307874414918
811,2019-04-12,1295.2,63.89,9385.319977,1.306092831597
812,2019-04-11,1293.3,63.58,9653.770652009998,1.309349824074
813,2019-04-10,1313.9,64.61,9342.93708436,1.3057871868759998
814,2019-04-09,1308.3,63.98,9550.96214336,1.305853065244
815,2019-04-04,1294.3,62.1,9753.514132179998,1.3173994490479999
816,2019-04-03,1295.3,62.46,9365.79175713,1.3125378399999998
817,2019-04-02,1295.4,62.58,9192.89746287,1.307038908904
818,2019-04-01,1294.2,61.59,8904.28317954,1.3044077238060001
819,2019-03-29,1298.5,60.14,9504.096261069999,1.305610226448
820,2019-03-28,1295.3,59.3,9515.0972191,1.3145326944150002
821,2019-03-27,1316.9,59.41,9504.56095336,1.321106100808
822,2019-03-26,1321.4,59.94,9510.09873112,1.320580132982
823,2019-03-25,1329.0,58.82,9479.1069149,1.3211188733769998
824,2019-03-22,1318.7,59.04,9465.23783088,1.3124338120140002
825,2019-03-21,1313.6,59.98,9712.92958023,1.31999239453
826,2019-03-20,1300.5,60.23,9676.1910114,1.326730396852
827,2019-03-19,1306.5,59.03,9714.817264,1.325968109427
828,2019-03-18,1301.5,59.09,9705.84973004,1.3300266355030002
829,2019-03-15,1302.9,58.52,9583.6511794,1.325179920844
830,2019-03-14,1293.4,58.61,9546.332364240001,1.330148833026
831,2019-03-13,1309.3,58.26,9354.74891163,1.307299544049
832,2019-03-12,1296.3,56.87,9484.31182104,1.324013943329
833,2019-03-07,1286.1,56.66,10030.74259176,1.3172107817879999
834,2019-03-06,1287.6,56.22,9452.811446400001,1.3159626762719998
835,2019-03-05,1284.7,56.56,9726.59856592,1.317849608416
836,2019-03-04,1287.5,56.59,9821.63209956,1.323055750172
837,2019-03-01,1299.2,55.8,8877.73987074,1.326371423121
838,2019-02-28,1316.1,57.22,9422.29520752,1.331444951188
839,2019-02-27,1317.7,56.94,9422.7470816,1.3257005657119998
840,2019-02-26,1328.5,55.5,9387.3824908,1.3119306210000001
841,2019-02-25,1329.5,55.48,9385.97296692,1.306325776
842,2019-02-22,1332.8,57.26,9361.8850468,1.303794851904
843,2019-02-21,1327.8,56.96,9349.94626368,1.304801807925
844,2019-02-20,1347.9,56.92,9441.52466922,1.305988605966
845,2019-02-19,1344.8,56.09,9278.409562190001,1.292161697841
846,2019-02-15,1322.1,55.59,9261.76358448,1.279792625
847,2019-02-14,1313.9,54.41,9253.03742278,1.2852581161110002
848,2019-02-13,1310.8,53.9,9270.48845472,1.289804626
849,2019-02-12,1314.0,53.1,9372.6696457,1.286168917922
850,2019-02-08,1318.5,52.72,9591.527914020002,1.2948793279400002
851,2019-02-07,1314.2,52.64,9777.38895036,1.2934822279340001
852,2019-02-05,1319.2,53.66,9579.49941231,1.3032787918500002
853,2019-02-04,1319.3,54.56,9665.64109544,1.309050356985
854,2019-02-01,1322.1,55.26,8828.184944659999,1.310454694045
855,2019-01-31,1325.2,53.79,9141.152046600002,1.312017820878
856,2019-01-30,1315.5,54.23,9079.95747172,1.3084448039999999
857,2019-01-29,1315.2,53.31,8993.55438895,1.3157005488659999
858,2019-01-28,1309.3,51.99,8911.886793700001,1.3207592582670002
859,2019-01-25,1304.2,53.69,8934.81335208,1.3073216318279999
860,2019-01-24,1285.9,53.13,8920.6594932,1.307842473106
861,2019-01-23,1290.2,52.62,8866.819146240001,1.2956733489999999
862,2019-01-22,1283.4,52.57,8897.09945325,1.2893273260559999
863,2019-01-18,1282.6,53.8,9047.665735339999,1.2985765790789998
864,2019-01-17,1292.3,52.07,8807.320708840001,1.288445478036
865,2019-01-16,1293.8,52.31,8833.758361560002,1.287010882066
866,2019-01-15,1288.4,52.11,8877.32445996,1.287981686068
867,2019-01-14,1289.1,50.51,8808.59101968,1.2863654663669999
868,2019-01-11,1289.5,51.59,9313.47725832,1.27507454242
869,2019-01-10,1287.4,52.59,9420.966709440001,1.279727980522
870,2019-01-08,1285.9,49.78,9698.08304583,1.278893025
871,2019-01-07,1289.9,48.52,9548.036259999999,1.272996238532
872,2019-01-04,1285.8,47.96,9240.98017178,1.263450275
873,2019-01-03,1294.8,47.09,8898.98334543,1.252826260882
874,2019-01-02,1284.1,46.54,8953.79217438,1.2753565413099999
875,2018-12-31,1281.3,45.41,8540.40564054,1.270847144604
876,2018-12-28,1283.0,45.33,8515.92660934,1.264759429136
877,2018-12-27,1281.1,44.61,8328.81686904,1.2642331279799999
878,2018-12-24,1271.8,42.53,8457.068635059999,1.265009295972
879,2018-12-21,1258.1,45.59,8515.57452426,1.267134592675
880,2018-12-20,1267.9,45.88,8475.73123698,1.2626056171470001
881,2018-12-19,1256.4,47.2,8562.310601879999,1.26526764
882,2018-12-18,1253.6,46.24,8454.55840425,1.261310441904
883,2018-12-17,1251.8,49.88,8524.51538792,1.2584513098119998
884,2018-12-14,1241.4,51.2,8662.57632534,1.2653936760689999
885,2018-12-13,1247.4,52.58,8685.360915000001,1.26358846614
886,2018-12-12,1250.0,51.15,8595.40072643,1.2495035286899998
887,2018-12-11,1247.2,51.65,8859.54306192,1.256108653749
888,2018-12-10,1249.4,51.0,8899.51809873,1.272317652024
889,2018-12-07,1252.6,52.61,9777.30559981,1.277798375732
890,2018-12-06,1243.6,51.49,9805.15514227,1.27304653
891,2018-12-04,1246.6,53.25,9236.87638392,1.272715755813
892,2018-12-03,1239.6,52.95,9201.32973648,1.2762163800000002
893,2018-11-30,1226.0,50.93,8923.8529268,1.277926563094
894,2018-11-29,1230.4,51.45,9026.84098635,1.282819316
895,2018-11-28,1229.8,50.29,8926.36416144,1.2740229400000003
896,2018-11-27,1219.9,51.56,8990.1987255,1.281345562122
897,2018-11-26,1228.7,51.63,9014.73428,1.28217393585
898,2018-11-23,1223.2,50.42,8952.48863028,1.287555116117
899,2018-11-21,1225.8,54.63,9016.6801516,1.278809929991
900,2018-11-20,1221.2,53.43,8934.851422000002,1.285679302102
901,2018-11-19,1225.3,56.76,8984.36815302,1.283583079728
902,2018-11-16,1223.0,56.46,8954.269902,1.27649285218
903,2018-11-15,1215.0,56.46,9139.67943217,1.299847333812
904,2018-11-14,1210.1,56.25,9153.816508740001,1.302022856
905,2018-11-13,1199.2,55.69,9069.67523168,1.285343524005
906,2018-11-12,1201.3,59.93,8807.125284299998,1.291517418799
907,2018-11-09,1208.6,60.19,9504.167426580001,1.306393335566
908,2018-11-07,1228.7,61.67,9954.97273392,1.310825756688
909,2018-11-06,1226.3,62.21,10103.59025601,1.306359225
910,2018-11-05,1232.3,63.1,10046.23302345,1.2981507788520001
911,2018-11-01,1238.6,63.69,9912.83965536,1.2770731315030002
912,2018-10-31,1215.0,65.31,9059.031009,1.270778638734
913,2018-10-30,1225.3,66.18,9007.6188191,1.280165347589
914,2018-10-29,1227.6,67.04,9015.49929728,1.2833303886749998
915,2018-10-26,1235.8,67.59,8899.72199672,1.282173828971
916,2018-10-25,1232.4,67.33,9027.066186600001,1.288196484029
917,2018-10-24,1231.1,66.82,9038.839301439999,1.298343689657
918,2018-10-23,1236.8,66.43,9018.09746516,1.296494667078
919,2018-10-22,1224.6,69.17,9201.699912,1.306820019164
920,2018-10-19,1228.7,69.12,9181.8216654,1.302203775548
921,2018-10-18,1230.1,68.65,9208.476883559999,1.309821516944
922,2018-10-17,1227.4,69.75,9303.0562212,1.3184206292279999
923,2018-10-16,1231.0,71.92,9286.485393199999,1.315518087497
924,2018-10-15,1226.4,71.78,9211.04068346,1.310283168719
925,2018-10-12,1222.0,71.34,8895.393580639999,1.323427672452
926,2018-10-10,1193.4,73.17,9401.67155522,1.314652443758
927,2018-10-09,1191.5,74.96,9530.8748416,1.309279132932
928,2018-10-08,1184.4,74.29,10064.599032150001,1.3123582845569999
929,2018-10-05,1205.6,74.34,10029.92045031,1.3024483560540001
930,2018-10-04,1201.6,74.33,9403.63230525,1.294506045459
931,2018-10-01,1191.7,75.3,10103.282189000001,1.302985394208
932,2018-09-28,1196.2,73.25,9822.3878046,1.3073182931240002
933,2018-09-27,1182.3,72.12,9939.4572032,1.317527978258
934,2018-09-26,1199.1,71.57,9900.08372808,1.3177133926359998
935,2018-09-25,1205.1,72.28,9847.91420148,1.311433375
936,2018-09-24,1204.4,72.08,9755.928450039999,1.30829714769
937,2018-09-21,1201.3,70.78,9940.186860009999,1.3273038849999999
938,2018-09-20,1211.3,70.8,9681.483619839999,1.313986720177
939,2018-09-19,1202.2,71.12,9653.95604752,1.317149194972
940,2018-09-18,1202.9,69.85,9597.108665130001,1.314701862428
941,2018-09-17,1205.8,68.91,9546.2251846,1.307286293742
942,2018-09-14,1201.1,68.99,9576.553269240001,1.3111772475360002
943,2018-09-13,1208.2,68.59,9499.14301722,1.304866106709
944,2018-09-11,1202.2,69.25,9255.72141362,1.302904371608
945,2018-09-10,1199.8,67.54,9358.384809750001,1.292791015516
946,2018-09-07,1200.4,67.75,9937.042282589999,1.292834675198
947,2018-09-05,1201.3,68.72,9852.79770436,1.285980982748
948,2018-09-04,1199.1,69.87,9258.9381645,1.287200952716
949,2018-08-31,1206.7,69.8,9670.32909442,1.30114850199
950,2018-08-30,1205.0,70.25,9797.851611819999,1.303236344102
951,2018-08-29,1211.5,69.51,9732.104168490001,1.286868928
952,2018-08-28,1207.4,68.53,9823.73058628,1.289532197703
953,2018-08-24,1213.3,68.72,9707.26480434,1.28091343577
954,2018-08-23,1194.0,67.83,9760.13120306,1.2911862043289999
955,2018-08-22,1203.3,67.86,9774.98087744,1.2903386426999999
956,2018-08-21,1200.0,67.35,9687.3189882,1.2797557499999999
957,2018-08-20,1194.6,66.43,9676.685399639999,1.2756279113400002
958,2018-08-17,1184.2,65.91,9610.41460704,1.271236392145
959,2018-08-16,1184.0,65.46,9591.9932082,1.2696183335439999
960,2018-08-15,1185.0,65.01,9535.63361073,1.271900852592
961,2018-08-14,1193.0,67.04,9714.545841000001,1.276218273184
962,2018-08-13,1198.9,67.2,9750.88731825,1.2768976065750002
963,2018-08-10,1219.0,67.63,9279.212290529998,1.2825520704720001
964,2018-08-08,1221.0,66.94,10068.1643489,1.294293108266
965,2018-08-06,1208.6,69.01,9988.12546092,1.3000672517910001
966,2018-08-03,1223.2,68.49,9377.26427088,1.301574777426
967,2018-08-02,1210.6,68.96,9412.33374228,1.3126956146400002
968,2018-08-01,1227.6,67.66,10099.08334764,1.3116325851980002
969,2018-07-31,1233.6,68.76,10178.32945668,1.3135566570000001
970,2018-07-30,1231.5,70.13,10097.22360555,1.310596127148
971,2018-07-27,1232.7,68.69,10095.447044940001,1.310542032
972,2018-07-26,1235.3,69.61,10115.06254686,1.3197742995780002
973,2018-07-25,1241.0,69.3,10072.28140068,1.314945883599
974,2018-07-24,1234.6,68.52,10100.96007065,1.310113165647
975,2018-07-23,1234.4,67.89,10065.19726143,1.313309102902
976,2018-07-20,1231.1,68.26,10000.11893216,1.301826507518
977,2018-07-19,1224.0,69.46,10049.26501334,1.307360699148
978,2018-07-18,1227.9,68.76,10060.65538848,1.310421976887
979,2018-07-17,1227.3,68.08,10094.54594652,1.3234898043440002
980,2018-07-16,1239.7,68.06,10053.63964605,1.322719234803
981,2018-07-13,1241.2,71.01,10098.68178228,1.3176958791800002
982,2018-07-12,1246.6,70.33,8953.91042244,1.3204920777920002
983,2018-07-11,1244.4,70.38,9435.605848959998,1.325897398458
984,2018-07-09,1259.6,73.85,9677.7908499,1.32975792
985,2018-07-06,1255.8,73.8,10189.654534399999,1.322217770088
986,2018-07-03,1253.5,74.14,9408.30784304,1.314278803228
987,2018-07-02,1241.7,73.94,9614.490509340001,1.3205595
988,2018-06-29,1254.5,74.15,9985.392892020001,1.307571373072
989,2018-06-28,1251.0,73.45,9992.034032090001,1.311857718886
990,2018-06-27,1256.1,72.76,10076.66683576,1.322324681
991,2018-06-26,1259.9,70.53,10009.1893824,1.328047239532
992,2018-06-25,1268.9,68.08,9959.865221279999,1.326447940211
993,2018-06-22,1270.7,68.58,10177.348379680001,1.3245995927429999
994,2018-06-21,1270.5,65.54,9955.78349812,1.317433749369
995,2018-06-20,1274.5,66.22,10047.8180968,1.31750958561
996,2018-06-19,1278.6,65.07,10081.73941105,1.324889157184
997,2018-06-18,1280.1,65.85,10130.6668883,1.327884270305
998,2018-06-15,1278.5,65.06,10119.98439842,1.326025242034
999,2018-06-14,1308.3,66.89,10392.77037804,1.338187755738
1000,2018-06-13,1301.3,66.64,10301.83241976,1.337398080825
1001,2018-06-12,1299.4,66.36,8966.23111175,1.3374268710000001
1002,2018-06-11,1303.2,66.1,9444.241419760001,1.33953959
1003,2018-06-08,1302.7,65.74,10284.19498516,1.341959265
1004,2018-06-07,1303.0,65.95,10224.141761199999,1.3422559449259999
1005,2018-06-06,1301.4,64.73,10339.26492096,1.340630225
1006,2018-06-04,1297.3,64.75,9594.81439872,1.334888351174
1007,2018-05-31,1304.7,67.04,10199.3830392,1.3283527451700001
1008,2018-05-30,1306.5,68.21,10191.609976169999,1.3254087807119999
1009,2018-05-29,1304.1,66.73,10163.30285312,1.331189727492
1010,2018-05-25,1309.0,67.88,10345.80477744,1.33835079395
1011,2018-05-24,1309.8,70.71,10318.29227294,1.3378186692990002
1012,2018-05-23,1294.8,71.84,10468.47335776,1.3435046508389998
1013,2018-05-22,1297.4,72.2,10580.85692335,1.3433148984799999
1014,2018-05-21,1290.9,72.24,10591.874141530001,1.347615910133
1015,2018-05-18,1291.3,71.28,10513.29916386,1.351204644
1016,2018-05-17,1289.4,71.49,10551.3753951,1.3542831519210001
1017,2018-05-16,1291.5,71.49,10441.324684,1.3504464078210001
1018,2018-05-15,1290.3,71.31,10474.2530101,1.3563481292239998
1019,2018-05-14,1318.2,70.96,10451.31578338,1.354612304682
1020,2018-05-11,1320.7,70.7,9606.79277792,1.351996129
1021,2018-05-10,1322.3,71.36,9912.69164402,1.355145707156
1022,2018-05-09,1313.0,71.14,10006.88424832,1.355286128889
1023,2018-05-07,1314.1,70.73,10288.66209756,1.3535412869680001
1024,2018-05-04,1314.7,69.72,9771.4421805,1.356990444999
1025,2018-05-03,1312.7,68.43,9659.13162828,1.3574479400000001
1026,2018-05-02,1305.6,67.93,9982.416336339998,1.360761168081
1027,2018-05-01,1306.8,67.25,10637.95799262,1.376832979902
1028,2018-04-30,1319.2,68.57,10341.1095951,1.378028272013
1029,2018-04-27,1323.4,68.1,10442.64869403,1.3916139559999998
1030,2018-04-26,1317.9,68.19,10344.89454846,1.3936398148379998
1031,2018-04-25,1322.8,68.05,10326.50233888,1.399578309171
1032,2018-04-24,1333.0,67.7,10349.708155,1.3937993009460001
1033,2018-04-23,1324.0,68.64,10359.66101016,1.400749122682
1034,2018-04-20,1338.3,68.4,10379.16530233,1.4083189999999999
1035,2018-04-19,1348.8,68.29,10410.24715128,1.420445969851
1036,2018-04-18,1353.5,68.47,10461.26440036,1.429538688
1037,2018-04-17,1349.5,66.52,10363.644266300002,1.4343422792840002
1038,2018-04-16,1350.7,66.22,10255.1603688,1.424148607324
1039,2018-04-13,1347.9,67.39,10343.367702720001,1.42351906468
1040,2018-04-12,1341.9,67.07,9964.61523228,1.4182597306799998
1041,2018-04-10,1345.9,65.51,10488.24938718,1.4131392487549999
1042,2018-04-09,1340.1,63.42,10509.3552869,1.409016417221
1043,2018-04-06,1336.1,62.06,10844.571887459999,1.400603616
1044,2018-04-05,1328.5,63.54,10660.64736912,1.4086652300000002
1045,2018-04-04,1340.2,63.37,9895.902478650001,1.406335537593
1046,2018-03-29,1327.3,64.94,9935.946804739999,1.407779612698
1047,2018-03-28,1330.0,64.38,9986.8699899,1.417597197409
1048,2018-03-27,1347.9,65.25,9967.45034502,1.423697929914
1049,2018-03-26,1360.9,65.55,9745.89128523,1.415267334
1050,2018-03-23,1355.7,65.88,9770.12449568,1.411356114959
1051,2018-03-22,1333.2,64.3,9835.32153393,1.414424408262
1052,2018-03-21,1321.5,65.17,9857.95078354,1.4003188653299998
1053,2018-03-20,1311.9,63.4,9903.607706750001,1.402523765
1054,2018-03-19,1317.8,62.06,9820.309445500001,1.3942603417380002
1055,2018-03-16,1312.3,62.34,9985.836836960001,1.393518569238
1056,2018-03-15,1317.8,61.19,9975.3513828,1.396999947846
1057,2018-03-14,1325.6,60.96,9966.02984677,1.3968879691499998
1058,2018-03-13,1327.1,60.71,9928.35108914,1.390670400796
1059,2018-03-12,1320.8,61.36,9785.2515514,1.385600879607
1060,2018-03-09,1324.0,62.04,10360.6031082,1.3804269405479999
1061,2018-03-08,1321.7,60.12,10650.951255700002,1.39019769377
1062,2018-03-07,1327.6,61.15,10554.741439610001,1.389702382233
1063,2018-03-05,1319.9,62.57,10349.96835769,1.38069
1064,2018-03-01,1305.2,60.99,10551.00578731,1.375320097344
1065,2018-02-28,1317.9,61.64,10056.75190128,1.390637980594
1066,2018-02-27,1315.5,63.01,10171.0192276,1.3966625441259999
1067,2018-02-26,1332.8,63.91,10182.114502319999,1.396730185455
1068,2018-02-23,1330.3,63.55,10108.14700623,1.3952778806039998
1069,2018-02-22,1332.7,62.77,10088.17602346,1.3914459191800002
1070,2018-02-21,1332.1,61.68,10194.99169113,1.399801901166
